ZCTA,Total:,Not Hispanic or Latino:,White alone,Black or African American alone,American Indian and Alaska Native alone,Asian alone,,,,,,,,,,
ZCTA5 06390,58,54,46,0,0,0,,,,,,,,,,
ZCTA5 10001,"26,966","21,993","14,480","2,013",18,"4,527",,,,,,,,,,
ZCTA5 10002,"76,807","56,900","18,892","5,711",309,"30,222",,,,,,,,,,
ZCTA5 10003,"54,447","50,069","36,143","2,813",54,"9,110",,,,,,,,,,
ZCTA5 10004,"4,795","4,592","2,707",150,0,"1,540",,,,,,,,,,
ZCTA5 10005,"8,637","8,048","6,286",147,0,"1,180",,,,,,,,,,
ZCTA5 10006,"3,894","3,672","2,304",255,0,895,,,,,,,,,,
ZCTA5 10007,"8,194","7,274","5,430",719,0,"1,047",,,,,,,,,,
ZCTA5 10009,"60,000","45,317","30,490","4,067",102,"7,740",,,,,,,,,,
ZCTA5 10010,"33,193","29,850","20,660","2,943",48,"4,955",,,,,,,,,,
ZCTA5 10011,"51,867","44,756","35,591","2,040",0,"4,825",,,,,,,,,,
ZCTA5 10012,"22,269","20,293","14,888",747,0,"4,131",,,,,,,,,,
ZCTA5 10013,"29,563","27,220","16,007",834,26,"9,160",,,,,,,,,,
ZCTA5 10014,"29,815","27,186","24,239",487,27,"1,377",,,,,,,,,,
ZCTA5 10016,"56,758","49,967","34,707","2,316",4,"9,916",,,,,,,,,,
ZCTA5 10017,"15,514","14,786","10,893",426,0,"2,762",,,,,,,,,,
ZCTA5 10018,"8,063","7,029","3,997",398,0,"2,272",,,,,,,,,,
ZCTA5 10019,"43,989","36,279","24,802","1,951",0,"8,212",,,,,,,,,,
ZCTA5 10020,0,0,0,0,0,0,,,,,,,,,,
ZCTA5 10021,"42,484","40,047","34,986",127,19,"3,893",,,,,,,,,,
ZCTA5 10022,"33,303","30,166","25,621",391,26,"3,433",,,,,,,,,,
ZCTA5 10023,"65,891","60,366","46,140","2,723",9,"8,331",,,,,,,,,,
ZCTA5 10024,"63,916","56,470","49,497","1,495",0,"3,588",,,,,,,,,,
ZCTA5 10025,"96,918","75,124","52,510","9,185",75,"9,762",,,,,,,,,,
ZCTA5 10026,"39,401","31,778","8,610","19,196",19,"2,339",,,,,,,,,,
ZCTA5 10027,"65,840","48,870","17,184","23,235",220,"5,679",,,,,,,,,,
ZCTA5 10028,"47,793","44,181","39,098",471,0,"3,494",,,,,,,,,,
ZCTA5 10029,"77,661","42,092","11,698","19,451",67,"8,161",,,,,,,,,,
ZCTA5 10030,"31,611","22,520","3,088","16,989",0,"1,028",,,,,,,,,,
ZCTA5 10031,"61,801","30,447","10,799","14,689",59,"2,612",,,,,,,,,,
ZCTA5 10032,"60,529","21,482","9,178","8,077",48,"2,646",,,,,,,,,,
ZCTA5 10033,"60,739","20,297","15,113","2,273",59,"1,718",,,,,,,,,,
ZCTA5 10034,"43,365","12,597","7,960","2,273",50,"1,154",,,,,,,,,,
ZCTA5 10035,"37,042","20,749","4,857","13,482",11,"1,375",,,,,,,,,,
ZCTA5 10036,"30,437","24,436","15,472","2,007",55,"5,116",,,,,,,,,,
ZCTA5 10037,"19,374","15,727","1,601","12,840",19,698,,,,,,,,,,
ZCTA5 10038,"23,356","21,091","10,742","2,266",55,"6,570",,,,,,,,,,
ZCTA5 10039,"27,234","18,122","2,434","14,200",51,627,,,,,,,,,,
ZCTA5 10040,"45,771","13,373","9,510","1,484",51,"1,024",,,,,,,,,,
ZCTA5 10044,"12,155","10,858","4,832","1,492",0,"3,987",,,,,,,,,,
ZCTA5 10065,"31,270","28,696","23,043",606,0,"4,304",,,,,,,,,,
ZCTA5 10069,"5,774","5,519","2,723",84,0,"1,866",,,,,,,,,,
ZCTA5 10075,"23,391","21,518","18,613",423,94,"1,659",,,,,,,,,,
ZCTA5 10103,0,0,0,0,0,0,,,,,,,,,,
ZCTA5 10110,0,0,0,0,0,0,,,,,,,,,,
ZCTA5 10111,0,0,0,0,0,0,,,,,,,,,,
ZCTA5 10112,0,0,0,0,0,0,,,,,,,,,,
ZCTA5 10115,0,0,0,0,0,0,,,,,,,,,,
ZCTA5 10119,0,0,0,0,0,0,,,,,,,,,,
ZCTA5 10128,"58,147","50,604","39,664","2,875",20,"5,694",,,,,,,,,,
ZCTA5 10152,0,0,0,0,0,0,,,,,,,,,,
ZCTA5 10153,0,0,0,0,0,0,,,,,,,,,,
ZCTA5 10154,0,0,0,0,0,0,,,,,,,,,,
ZCTA5 10162,"2,268","1,854","1,789",0,0,65,,,,,,,,,,
ZCTA5 10165,0,0,0,0,0,0,,,,,,,,,,
ZCTA5 10167,0,0,0,0,0,0,,,,,,,,,,
ZCTA5 10168,0,0,0,0,0,0,,,,,,,,,,
ZCTA5 10169,0,0,0,0,0,0,,,,,,,,,,
ZCTA5 10170,0,0,0,0,0,0,,,,,,,,,,
ZCTA5 10171,0,0,0,0,0,0,,,,,,,,,,
ZCTA5 10172,0,0,0,0,0,0,,,,,,,,,,
ZCTA5 10173,0,0,0,0,0,0,,,,,,,,,,
ZCTA5 10174,0,0,0,0,0,0,,,,,,,,,,
ZCTA5 10177,0,0,0,0,0,0,,,,,,,,,,
ZCTA5 10199,0,0,0,0,0,0,,,,,,,,,,
ZCTA5 10271,0,0,0,0,0,0,,,,,,,,,,
ZCTA5 10278,0,0,0,0,0,0,,,,,,,,,,
ZCTA5 10279,131,131,131,0,0,0,,,,,,,,,,
ZCTA5 10280,"8,582","7,492","5,373",138,0,"1,777",,,,,,,,,,
ZCTA5 10282,"6,419","6,142","4,526",124,0,993,,,,,,,,,,
ZCTA5 10301,"38,736","28,638","17,542","6,829",129,"2,849",,,,,,,,,,
ZCTA5 10302,"18,144","10,949","5,210","4,246",0,"1,051",,,,,,,,,,
ZCTA5 10303,"27,469","16,751","4,335","8,543",25,"2,678",,,,,,,,,,
ZCTA5 10304,"43,849","33,952","17,393","11,066",76,"4,851",,,,,,,,,,
ZCTA5 10305,"44,531","38,004","25,555","2,711",24,"8,648",,,,,,,,,,
ZCTA5 10306,"55,805","46,903","37,359","2,016",29,"5,691",,,,,,,,,,
ZCTA5 10307,"14,828","13,102","12,560",21,0,473,,,,,,,,,,
ZCTA5 10308,"30,353","26,895","24,793",414,0,"1,171",,,,,,,,,,
ZCTA5 10309,"35,832","33,019","30,927",139,147,"1,088",,,,,,,,,,
ZCTA5 10310,"25,976","18,405","11,328","4,871",21,"1,410",,,,,,,,,,
ZCTA5 10311,0,0,0,0,0,0,,,,,,,,,,
ZCTA5 10312,"63,935","56,081","50,218",493,54,"4,500",,,,,,,,,,
ZCTA5 10314,"93,736","79,538","56,918","3,500",167,"16,691",,,,,,,,,,
ZCTA5 10451,"50,118","22,003","2,081","18,495",101,611,,,,,,,,,,
ZCTA5 10452,"79,838","25,777","1,640","21,221",72,957,,,,,,,,,,
ZCTA5 10453,"80,393","24,877","1,666","19,610",52,"1,577",,,,,,,,,,
ZCTA5 10454,"38,908","11,774","1,327","9,988",44,40,,,,,,,,,,
ZCTA5 10455,"42,781","11,565",855,"9,769",6,345,,,,,,,,,,
ZCTA5 10456,"90,314","38,112","1,491","34,061",188,590,,,,,,,,,,
ZCTA5 10457,"79,443","27,714","1,412","24,321",56,468,,,,,,,,,,
ZCTA5 10458,"86,757","24,259","6,050","13,775",283,"2,894",,,,,,,,,,
ZCTA5 10459,"51,303","16,704",820,"15,117",128,135,,,,,,,,,,
ZCTA5 10460,"59,979","20,040","1,979","15,566",136,729,,,,,,,,,,
ZCTA5 10461,"52,756","26,284","15,588","3,961",80,"5,759",,,,,,,,,,
ZCTA5 10462,"78,470","40,867","8,534","17,499",390,"11,577",,,,,,,,,,
ZCTA5 10463,"73,256","35,529","21,529","8,721",226,"2,676",,,,,,,,,,
ZCTA5 10464,"4,417","3,230","3,033",31,0,87,,,,,,,,,,
ZCTA5 10465,"46,205","25,275","17,951","3,697",0,"2,062",,,,,,,,,,
ZCTA5 10466,"75,767","55,586","1,735","48,251",181,"1,857",,,,,,,,,,
ZCTA5 10467,"102,209","48,831","9,410","29,546",729,"6,373",,,,,,,,,,
ZCTA5 10468,"82,480","17,070","2,136","11,423",268,"2,151",,,,,,,,,,
ZCTA5 10469,"75,290","54,002","7,078","40,163",62,"4,096",,,,,,,,,,
ZCTA5 10470,"16,446","13,073","6,267","5,515",0,559,,,,,,,,,,
ZCTA5 10471,"23,387","17,008","13,065","2,169",0,895,,,,,,,,,,
ZCTA5 10472,"66,720","26,392","1,716","16,263",116,"5,657",,,,,,,,,,
ZCTA5 10473,"60,296","22,260","1,437","18,545",236,893,,,,,,,,,,
ZCTA5 10474,"11,312","3,600",252,"3,187",60,25,,,,,,,,,,
ZCTA5 10475,"44,509","30,623","2,301","26,003",0,"1,000",,,,,,,,,,
ZCTA5 10501,"1,452","1,350","1,342",8,0,0,,,,,,,,,,
ZCTA5 10502,"5,853","5,482","4,082",195,12,672,,,,,,,,,,
ZCTA5 10503,71,71,57,0,0,14,,,,,,,,,,
ZCTA5 10504,"8,363","7,596","6,759",93,0,363,,,,,,,,,,
ZCTA5 10505,"1,249","1,062",791,9,0,180,,,,,,,,,,
ZCTA5 10506,"5,980","5,495","5,237",87,0,126,,,,,,,,,,
ZCTA5 10507,"6,706","4,713","3,255",486,12,749,,,,,,,,,,
ZCTA5 10509,"20,265","14,861","13,289",373,0,629,,,,,,,,,,
ZCTA5 10510,"10,592","9,366","8,196",81,0,520,,,,,,,,,,
ZCTA5 10511,"2,245","1,867","1,556",139,5,108,,,,,,,,,,
ZCTA5 10512,"24,340","20,197","17,947",870,104,454,,,,,,,,,,
ZCTA5 10514,"13,267","12,962","10,534",726,0,"1,202",,,,,,,,,,
ZCTA5 10516,"5,639","5,268","4,919",191,3,66,,,,,,,,,,
ZCTA5 10517,485,385,345,8,0,32,,,,,,,,,,
ZCTA5 10518,938,798,731,0,0,67,,,,,,,,,,
ZCTA5 10519,157,157,0,0,0,157,,,,,,,,,,
ZCTA5 10520,"13,071","11,348","10,031",572,2,449,,,,,,,,,,
ZCTA5 10522,"11,622","10,108","7,998",443,0,"1,117",,,,,,,,,,
ZCTA5 10523,"9,717","6,483","3,063","2,206",0,826,,,,,,,,,,
ZCTA5 10524,"4,251","3,949","3,643",90,0,70,,,,,,,,,,
ZCTA5 10526,"1,813","1,672","1,451",2,0,150,,,,,,,,,,
ZCTA5 10527,594,489,476,13,0,0,,,,,,,,,,
ZCTA5 10528,"13,546","12,271","10,171",501,0,"1,367",,,,,,,,,,
ZCTA5 10530,"13,807","12,173","9,437","1,051",0,"1,223",,,,,,,,,,
ZCTA5 10532,"5,103","4,758","4,352",107,0,253,,,,,,,,,,
ZCTA5 10533,"7,608","7,228","6,204",50,0,701,,,,,,,,,,
ZCTA5 10535,339,194,194,0,0,0,,,,,,,,,,
ZCTA5 10536,"11,124","10,201","9,282",191,47,397,,,,,,,,,,
ZCTA5 10537,"2,572","2,373","1,677",358,0,338,,,,,,,,,,
ZCTA5 10538,"17,424","15,802","13,671",598,0,925,,,,,,,,,,
ZCTA5 10540,206,144,81,48,0,0,,,,,,,,,,
ZCTA5 10541,"26,317","23,125","22,452",168,0,260,,,,,,,,,,
ZCTA5 10542,0,0,0,0,0,0,,,,,,,,,,
ZCTA5 10543,"21,563","16,217","13,736",647,99,"1,036",,,,,,,,,,
ZCTA5 10545,149,127,105,5,0,9,,,,,,,,,,
ZCTA5 10546,"1,068",983,789,1,11,169,,,,,,,,,,
ZCTA5 10547,"7,400","6,336","5,005",956,0,255,,,,,,,,,,
ZCTA5 10548,"4,078","3,366","3,027",221,0,25,,,,,,,,,,
ZCTA5 10549,"15,587","11,293","9,759",760,0,505,,,,,,,,,,
ZCTA5 10550,"39,360","32,265","2,904","26,776",310,741,,,,,,,,,,
ZCTA5 10552,"23,067","18,888","8,327","8,180",10,893,,,,,,,,,,
ZCTA5 10553,"10,259","8,929","1,172","7,452",0,25,,,,,,,,,,
ZCTA5 10560,"5,001","4,676","4,333",152,0,95,,,,,,,,,,
ZCTA5 10562,"33,850","21,374","15,227","3,227",0,"1,812",,,,,,,,,,
ZCTA5 10566,"25,304","14,673","8,670","5,160",18,477,,,,,,,,,,
ZCTA5 10567,"20,901","16,586","13,759","1,389",13,617,,,,,,,,,,
ZCTA5 10570,"12,821","11,440","9,677",783,0,647,,,,,,,,,,
ZCTA5 10573,"41,181","19,997","16,240","1,725",33,"1,190",,,,,,,,,,
ZCTA5 10576,"4,959","4,650","4,223",200,0,124,,,,,,,,,,
ZCTA5 10577,"6,059","5,169","3,913",638,0,391,,,,,,,,,,
ZCTA5 10578,"1,502",617,480,0,0,137,,,,,,,,,,
ZCTA5 10579,"8,279","7,128","6,646",152,0,144,,,,,,,,,,
ZCTA5 10580,"17,901","16,509","13,823",356,114,"1,163",,,,,,,,,,
ZCTA5 10583,"41,532","38,278","28,337",904,24,"7,412",,,,,,,,,,
ZCTA5 10588,"3,184","2,421","2,063",80,0,278,,,,,,,,,,
ZCTA5 10589,"7,042","6,686","6,430",30,0,149,,,,,,,,,,
ZCTA5 10590,"7,132","6,718","6,198",106,17,239,,,,,,,,,,
ZCTA5 10591,"23,392","15,485","12,326",879,0,"1,555",,,,,,,,,,
ZCTA5 10594,"5,309","4,766","4,446",21,0,187,,,,,,,,,,
ZCTA5 10595,"8,019","6,830","5,208",956,11,382,,,,,,,,,,
ZCTA5 10596,951,840,698,57,0,0,,,,,,,,,,
ZCTA5 10597,755,686,651,0,0,10,,,,,,,,,,
ZCTA5 10598,"29,195","26,171","22,170","1,744",5,"1,333",,,,,,,,,,
ZCTA5 10601,"10,929","8,028","5,045","1,578",0,"1,219",,,,,,,,,,
ZCTA5 10603,"19,443","13,155","6,766","4,667",12,"1,383",,,,,,,,,,
ZCTA5 10604,"11,740","8,476","6,958",646,0,207,,,,,,,,,,
ZCTA5 10605,"20,481","16,593","12,663","1,822",0,"1,312",,,,,,,,,,
ZCTA5 10606,"15,795","9,428","5,386","2,414",0,"1,313",,,,,,,,,,
ZCTA5 10607,"6,642","4,632","2,214","1,425",0,814,,,,,,,,,,
ZCTA5 10701,"66,002","34,788","15,698","14,406",266,"2,330",,,,,,,,,,
ZCTA5 10703,"23,355","14,461","8,096","5,052",8,780,,,,,,,,,,
ZCTA5 10704,"32,767","23,564","17,888","1,803",34,"2,522",,,,,,,,,,
ZCTA5 10705,"39,846","16,694","7,885","5,596",0,"2,119",,,,,,,,,,
ZCTA5 10706,"9,050","8,308","7,190",94,0,719,,,,,,,,,,
ZCTA5 10707,"10,239","8,344","6,886",404,0,859,,,,,,,,,,
ZCTA5 10708,"23,014","19,565","16,421","1,367",0,"1,011",,,,,,,,,,
ZCTA5 10709,"10,222","9,539","8,387",140,6,875,,,,,,,,,,
ZCTA5 10710,"26,319","19,115","10,818","4,219",397,"3,091",,,,,,,,,,
ZCTA5 10801,"41,205","26,612","12,846","10,389",0,"2,545",,,,,,,,,,
ZCTA5 10803,"12,953","11,329","9,067",757,0,899,,,,,,,,,,
ZCTA5 10804,"15,127","13,466","10,789","1,535",0,734,,,,,,,,,,
ZCTA5 10805,"21,260","13,453","8,540","3,391",11,"1,288",,,,,,,,,,
ZCTA5 10901,"25,214","22,055","18,184","2,037",19,"1,179",,,,,,,,,,
ZCTA5 10910,0,0,0,0,0,0,,,,,,,,,,
ZCTA5 10911,12,12,6,6,0,0,,,,,,,,,,
ZCTA5 10913,"5,370","4,943","4,094",74,0,475,,,,,,,,,,
ZCTA5 10914,452,452,378,0,0,0,,,,,,,,,,
ZCTA5 10915,68,68,68,0,0,0,,,,,,,,,,
ZCTA5 10916,"4,384","3,600","3,193",38,0,114,,,,,,,,,,
ZCTA5 10917,"1,534","1,323",990,60,0,238,,,,,,,,,,
ZCTA5 10918,"12,753","10,527","9,025",640,4,287,,,,,,,,,,
ZCTA5 10919,"1,226",517,475,21,0,11,,,,,,,,,,
ZCTA5 10920,"8,776","7,428","6,076",176,23,938,,,,,,,,,,
ZCTA5 10921,"3,992","3,255","2,699",196,138,88,,,,,,,,,,
ZCTA5 10922,901,756,651,77,0,28,,,,,,,,,,
ZCTA5 10923,"8,477","4,655","2,925",986,0,591,,,,,,,,,,
ZCTA5 10924,"13,859","11,056","9,786",552,12,569,,,,,,,,,,
ZCTA5 10925,"4,157","3,619","3,414",47,0,158,,,,,,,,,,
ZCTA5 10926,"3,902","2,984","1,772",700,0,422,,,,,,,,,,
ZCTA5 10927,"12,598","4,288","2,738",903,0,454,,,,,,,,,,
ZCTA5 10928,"4,900","3,925","2,508",858,0,365,,,,,,,,,,
ZCTA5 10930,"10,536","8,112","6,360",940,0,473,,,,,,,,,,
ZCTA5 10931,"1,110",767,430,161,45,67,,,,,,,,,,
ZCTA5 10932,27,27,27,0,0,0,,,,,,,,,,
ZCTA5 10933,279,255,255,0,0,0,,,,,,,,,,
ZCTA5 10940,"50,932","35,336","21,837","8,938",39,"2,123",,,,,,,,,,
ZCTA5 10941,"14,415","11,474","6,931","2,887",48,893,,,,,,,,,,
ZCTA5 10950,"61,452","53,921","50,659","1,645",24,513,,,,,,,,,,
ZCTA5 10952,"46,448","44,924","40,775","2,937",0,591,,,,,,,,,,
ZCTA5 10953,0,0,0,0,0,0,,,,,,,,,,
ZCTA5 10954,"26,391","22,709","15,277","2,808",13,"3,585",,,,,,,,,,
ZCTA5 10956,"30,664","25,662","19,237","2,516",37,"3,189",,,,,,,,,,
ZCTA5 10958,"3,286","2,584","1,968",507,0,16,,,,,,,,,,
ZCTA5 10960,"15,145","12,325","8,400","2,685",0,699,,,,,,,,,,
ZCTA5 10962,"5,345","4,744","3,201",375,0,"1,046",,,,,,,,,,
ZCTA5 10963,"4,652","3,828","2,746",696,0,221,,,,,,,,,,
ZCTA5 10964,"1,419","1,213",980,23,0,210,,,,,,,,,,
ZCTA5 10965,"15,527","13,293","12,318",128,9,613,,,,,,,,,,
ZCTA5 10968,"2,525","2,250","1,774",159,0,191,,,,,,,,,,
ZCTA5 10969,"1,061",995,953,0,0,42,,,,,,,,,,
ZCTA5 10970,"11,449","8,438","5,136","2,134",1,982,,,,,,,,,,
ZCTA5 10973,"2,432","2,145","1,870",107,0,57,,,,,,,,,,
ZCTA5 10974,"3,181","2,786","2,306",196,0,132,,,,,,,,,,
ZCTA5 10975,62,35,35,0,0,0,,,,,,,,,,
ZCTA5 10976,"2,051","1,846","1,414",104,12,226,,,,,,,,,,
ZCTA5 10977,"70,743","56,150","38,283","14,344",21,"1,773",,,,,,,,,,
ZCTA5 10979,0,0,0,0,0,0,,,,,,,,,,
ZCTA5 10980,"13,579","10,989","9,008","1,425",19,354,,,,,,,,,,
ZCTA5 10983,"5,839","5,296","4,602",103,0,516,,,,,,,,,,
ZCTA5 10984,"2,620","2,007","1,768",117,0,86,,,,,,,,,,
ZCTA5 10985,207,180,180,0,0,0,,,,,,,,,,
ZCTA5 10986,"1,736","1,391","1,337",0,0,45,,,,,,,,,,
ZCTA5 10987,"3,753","3,313","2,684",341,0,57,,,,,,,,,,
ZCTA5 10988,722,650,588,34,0,0,,,,,,,,,,
ZCTA5 10989,"8,339","7,330","5,616",661,0,896,,,,,,,,,,
ZCTA5 10990,"21,024","19,659","18,275",712,24,245,,,,,,,,,,
ZCTA5 10992,"9,591","7,138","6,027",710,16,131,,,,,,,,,,
ZCTA5 10993,"5,019","2,545","1,224",858,33,201,,,,,,,,,,
ZCTA5 10994,"6,937","5,686","4,429",489,0,702,,,,,,,,,,
ZCTA5 10996,"6,386","5,617","4,427",325,11,272,,,,,,,,,,
ZCTA5 10998,"3,602","3,151","2,911",132,0,13,,,,,,,,,,
ZCTA5 11001,"26,818","23,078","14,593","1,408",133,"6,322",,,,,,,,,,
ZCTA5 11003,"46,200","36,808","6,688","19,759",14,"7,417",,,,,,,,,,
ZCTA5 11004,"16,426","14,592","4,179","1,067",82,"8,269",,,,,,,,,,
ZCTA5 11005,"2,075","2,070","1,998",0,0,72,,,,,,,,,,
ZCTA5 11010,"25,637","21,256","17,226",795,98,"2,404",,,,,,,,,,
ZCTA5 11020,"6,097","5,865","2,395","1,055",4,"2,272",,,,,,,,,,
ZCTA5 11021,"19,265","17,841","12,036",252,120,"5,033",,,,,,,,,,
ZCTA5 11023,"10,169","9,952","8,242",18,0,"1,302",,,,,,,,,,
ZCTA5 11024,"8,394","7,212","6,731",67,0,304,,,,,,,,,,
ZCTA5 11030,"17,589","16,497","12,566",149,0,"3,216",,,,,,,,,,
ZCTA5 11040,"42,634","37,490","17,084",294,164,"18,015",,,,,,,,,,
ZCTA5 11042,443,412,265,127,0,20,,,,,,,,,,
ZCTA5 11050,"31,586","27,115","22,705",467,59,"3,386",,,,,,,,,,
ZCTA5 11096,"9,084","4,556","2,552","1,619",0,332,,,,,,,,,,
ZCTA5 11101,"33,789","26,751","11,829","3,877",0,"9,385",,,,,,,,,,
ZCTA5 11102,"27,876","20,678","13,441","1,734",210,"4,154",,,,,,,,,,
ZCTA5 11103,"35,912","26,858","19,570",875,0,"5,071",,,,,,,,,,
ZCTA5 11104,"27,575","20,172","11,459",456,23,"7,027",,,,,,,,,,
ZCTA5 11105,"38,311","30,049","23,967",978,40,"3,327",,,,,,,,,,
ZCTA5 11106,"40,472","29,545","17,451","2,435",107,"7,340",,,,,,,,,,
ZCTA5 11109,"6,712","6,318","3,561",38,0,"2,334",,,,,,,,,,
ZCTA5 11201,"68,777","60,645","39,117","8,485",78,"9,458",,,,,,,,,,
ZCTA5 11203,"79,499","74,180","3,084","65,890",90,"1,456",,,,,,,,,,
ZCTA5 11204,"82,140","71,515","42,934",613,566,"24,770",,,,,,,,,,
ZCTA5 11205,"50,681","42,574","25,013","12,102",207,"3,114",,,,,,,,,,
ZCTA5 11206,"90,903","58,039","33,531","16,639",42,"5,456",,,,,,,,,,
ZCTA5 11207,"97,690","64,038","4,976","53,948",67,"1,503",,,,,,,,,,
ZCTA5 11208,"107,724","64,016","3,123","49,689",57,"7,481",,,,,,,,,,
ZCTA5 11209,"72,938","59,489","44,590","2,677",83,"9,881",,,,,,,,,,
ZCTA5 11210,"65,854","61,170","20,668","34,127",0,"3,169",,,,,,,,,,
ZCTA5 11211,"65,925","48,492","39,720","2,459",69,"3,927",,,,,,,,,,
ZCTA5 11212,"78,296","64,976","2,482","57,409",49,828,,,,,,,,,,
ZCTA5 11213,"69,392","61,126","14,650","42,903",0,"1,214",,,,,,,,,,
ZCTA5 11214,"95,361","78,882","38,739","1,564",49,"34,806",,,,,,,,,,
ZCTA5 11215,"73,419","61,451","48,592","2,326",40,"6,532",,,,,,,,,,
ZCTA5 11216,"62,210","54,249","18,869","28,924",21,"2,784",,,,,,,,,,
ZCTA5 11217,"42,107","36,059","21,746","7,515",43,"3,644",,,,,,,,,,
ZCTA5 11218,"76,370","63,926","39,986","5,788",35,"14,713",,,,,,,,,,
ZCTA5 11219,"93,119","81,580","56,362","1,174",106,"21,855",,,,,,,,,,
ZCTA5 11220,"93,584","56,772","14,539","1,705",219,"39,198",,,,,,,,,,
ZCTA5 11221,"89,728","60,682","17,907","35,470",36,"3,953",,,,,,,,,,
ZCTA5 11222,"39,669","33,976","28,802","1,181",22,"1,569",,,,,,,,,,
ZCTA5 11223,"83,565","72,343","42,942","4,273",119,"21,580",,,,,,,,,,
ZCTA5 11224,"48,110","38,432","23,929","9,004",137,"4,125",,,,,,,,,,
ZCTA5 11225,"59,465","53,319","17,166","32,510",17,"1,618",,,,,,,,,,
ZCTA5 11226,"99,776","84,998","13,641","63,800",206,"2,883",,,,,,,,,,
ZCTA5 11228,"45,267","39,615","23,152",440,31,"15,237",,,,,,,,,,
ZCTA5 11229,"85,538","77,704","50,725","4,632",72,"19,812",,,,,,,,,,
ZCTA5 11230,"91,789","81,752","57,258","6,847",0,"13,971",,,,,,,,,,
ZCTA5 11231,"40,311","33,874","24,312","4,577",64,"1,960",,,,,,,,,,
ZCTA5 11232,"28,501","14,183","6,499","1,942",19,"4,604",,,,,,,,,,
ZCTA5 11233,"85,633","71,976","9,793","57,952",294,"1,154",,,,,,,,,,
ZCTA5 11234,"94,254","85,684","32,593","41,612",224,"7,528",,,,,,,,,,
ZCTA5 11235,"84,859","77,207","60,353","1,706",0,"10,849",,,,,,,,,,
ZCTA5 11236,"102,238","93,476","4,016","82,918",117,"2,384",,,,,,,,,,
ZCTA5 11237,"50,590","20,892","11,711","3,564",189,"3,269",,,,,,,,,,
ZCTA5 11238,"58,597","51,977","28,330","16,436",0,"3,633",,,,,,,,,,
ZCTA5 11239,"15,917","13,438","2,460","9,950",0,438,,,,,,,,,,
ZCTA5 11249,"42,421","33,983","27,951","1,830",0,"2,260",,,,,,,,,,
ZCTA5 11354,"53,375","45,901","8,846","1,719",68,"34,128",,,,,,,,,,
ZCTA5 11355,"80,918","68,816","6,046","1,659",321,"59,568",,,,,,,,,,
ZCTA5 11356,"27,295","15,531","6,470",337,0,"8,449",,,,,,,,,,
ZCTA5 11357,"44,030","37,360","25,467",194,36,"10,805",,,,,,,,,,
ZCTA5 11358,"38,103","30,939","11,937",265,213,"17,414",,,,,,,,,,
ZCTA5 11359,0,0,0,0,0,0,,,,,,,,,,
ZCTA5 11360,"20,076","17,916","11,253",224,0,"5,955",,,,,,,,,,
ZCTA5 11361,"30,006","25,648","11,899","1,372",48,"11,797",,,,,,,,,,
ZCTA5 11362,"19,217","17,370","7,477",463,0,"9,143",,,,,,,,,,
ZCTA5 11363,"7,424","6,616","3,668",62,87,"2,569",,,,,,,,,,
ZCTA5 11364,"39,015","32,699","12,023",743,292,"18,715",,,,,,,,,,
ZCTA5 11365,"45,439","36,162","11,143","4,292",63,"19,534",,,,,,,,,,
ZCTA5 11366,"13,922","12,275","4,697",843,0,"6,162",,,,,,,,,,
ZCTA5 11367,"42,362","35,205","19,117","2,713",75,"11,983",,,,,,,,,,
ZCTA5 11368,"116,469","28,390","5,670","7,947",67,"13,502",,,,,,,,,,
ZCTA5 11369,"31,550","13,891","2,893","5,216",43,"5,055",,,,,,,,,,
ZCTA5 11370,"29,780","18,476","7,573","3,816",93,"6,602",,,,,,,,,,
ZCTA5 11371,0,0,0,0,0,0,,,,,,,,,,
ZCTA5 11372,"67,252","31,253","12,518","1,925",0,"14,431",,,,,,,,,,
ZCTA5 11373,"102,104","58,620","5,183","1,352",354,"49,629",,,,,,,,,,
ZCTA5 11374,"47,019","37,609","18,516","1,937",0,"14,511",,,,,,,,,,
ZCTA5 11375,"76,091","65,089","37,879","1,999",8,"21,693",,,,,,,,,,
ZCTA5 11377,"85,255","52,174","17,408","1,304",53,"31,345",,,,,,,,,,
ZCTA5 11378,"39,994","25,910","19,711",353,24,"4,896",,,,,,,,,,
ZCTA5 11379,"39,805","31,579","25,687",206,42,"4,513",,,,,,,,,,
ZCTA5 11385,"109,111","58,314","46,484","2,147",30,"7,507",,,,,,,,,,
ZCTA5 11411,"21,605","20,158",526,"19,055",0,54,,,,,,,,,,
ZCTA5 11412,"41,782","39,146",498,"34,884",254,"1,351",,,,,,,,,,
ZCTA5 11413,"45,661","42,556",544,"39,645",69,712,,,,,,,,,,
ZCTA5 11414,"30,915","23,213","19,924","1,119",0,"1,583",,,,,,,,,,
ZCTA5 11415,"20,351","15,530","9,287","1,199",149,"4,069",,,,,,,,,,
ZCTA5 11416,"27,098","14,680","3,423","1,021",0,"9,002",,,,,,,,,,
ZCTA5 11417,"33,236","20,944","5,680","2,298",21,"9,853",,,,,,,,,,
ZCTA5 11418,"38,938","23,266","6,992","3,135",313,"9,492",,,,,,,,,,
ZCTA5 11419,"50,107","40,335","1,952","6,464",308,"17,717",,,,,,,,,,
ZCTA5 11420,"51,831","39,954","2,375","12,102",727,"17,302",,,,,,,,,,
ZCTA5 11421,"42,704","17,268","6,030","1,846",0,"7,604",,,,,,,,,,
ZCTA5 11422,"34,063","30,790","1,862","26,547",95,"1,290",,,,,,,,,,
ZCTA5 11423,"30,983","25,969","3,540","10,560",95,"8,809",,,,,,,,,,
ZCTA5 11424,0,0,0,0,0,0,,,,,,,,,,
ZCTA5 11426,"20,959","16,748","5,193","1,400",10,"9,067",,,,,,,,,,
ZCTA5 11427,"25,890","20,572","3,982","5,556",20,"8,742",,,,,,,,,,
ZCTA5 11428,"21,184","15,396","1,987","3,918",23,"6,187",,,,,,,,,,
ZCTA5 11429,"28,643","24,504",658,"19,137",204,"1,555",,,,,,,,,,
ZCTA5 11430,222,161,15,138,0,8,,,,,,,,,,
ZCTA5 11432,"64,858","50,900","7,753","10,363",526,"28,258",,,,,,,,,,
ZCTA5 11433,"41,396","35,637","1,129","23,552",667,"6,777",,,,,,,,,,
ZCTA5 11434,"66,424","59,371","1,324","52,264",131,"2,157",,,,,,,,,,
ZCTA5 11435,"60,842","41,923","7,922","14,727",215,"13,018",,,,,,,,,,
ZCTA5 11436,"21,248","18,366",278,"12,674",117,"1,666",,,,,,,,,,
ZCTA5 11439,"2,154","1,709",907,393,8,205,,,,,,,,,,
ZCTA5 11451,0,0,0,0,0,0,,,,,,,,,,
ZCTA5 11501,"21,353","18,363","13,871",292,12,"2,985",,,,,,,,,,
ZCTA5 11507,"6,826","6,451","3,514",21,14,"2,653",,,,,,,,,,
ZCTA5 11509,"1,691","1,630","1,538",4,9,27,,,,,,,,,,
ZCTA5 11510,"34,713","27,957","12,383","12,525",0,"1,159",,,,,,,,,,
ZCTA5 11514,"4,725","4,233","3,419",84,0,534,,,,,,,,,,
ZCTA5 11516,"8,244","7,178","6,924",145,0,75,,,,,,,,,,
ZCTA5 11518,"10,248","8,939","7,514",829,0,399,,,,,,,,,,
ZCTA5 11520,"44,788","26,167","10,492","13,274",29,832,,,,,,,,,,
ZCTA5 11530,"28,550","26,543","23,703",246,0,"1,742",,,,,,,,,,
ZCTA5 11542,"29,384","20,478","16,307","1,614",78,"1,298",,,,,,,,,,
ZCTA5 11545,"11,841","10,480","9,214",52,26,909,,,,,,,,,,
ZCTA5 11547,488,488,361,0,0,127,,,,,,,,,,
ZCTA5 11548,"2,068","1,903","1,255",119,0,459,,,,,,,,,,
ZCTA5 11549,"2,692","2,366","1,646",284,0,231,,,,,,,,,,
ZCTA5 11550,"60,673","33,752","3,901","27,582",84,"1,042",,,,,,,,,,
ZCTA5 11552,"26,207","19,949","12,820","5,306",36,"1,261",,,,,,,,,,
ZCTA5 11553,"27,150","14,644","2,680","10,997",0,316,,,,,,,,,,
ZCTA5 11554,"38,078","33,370","23,978","1,800",5,"6,655",,,,,,,,,,
ZCTA5 11556,0,0,0,0,0,0,,,,,,,,,,
ZCTA5 11557,"8,234","7,339","5,939",465,0,738,,,,,,,,,,
ZCTA5 11558,"8,758","6,339","5,765",133,0,194,,,,,,,,,,
ZCTA5 11559,"8,427","7,641","7,356",17,0,215,,,,,,,,,,
ZCTA5 11560,"7,025","6,123","5,773",60,0,185,,,,,,,,,,
ZCTA5 11561,"39,140","34,022","29,502","1,905",54,"1,610",,,,,,,,,,
ZCTA5 11563,"22,152","17,483","14,694",824,0,"1,605",,,,,,,,,,
ZCTA5 11565,"9,077","8,033","6,847",371,10,304,,,,,,,,,,
ZCTA5 11566,"34,393","31,533","29,112",872,35,893,,,,,,,,,,
ZCTA5 11568,"4,428","4,096","2,900",293,0,594,,,,,,,,,,
ZCTA5 11569,"1,168","1,107","1,102",0,0,0,,,,,,,,,,
ZCTA5 11570,"28,462","25,409","21,254","1,942",0,"1,435",,,,,,,,,,
ZCTA5 11572,"29,791","25,195","23,274",388,142,"1,052",,,,,,,,,,
ZCTA5 11575,"18,143","10,230",340,"8,999",5,355,,,,,,,,,,
ZCTA5 11576,"12,828","12,038","9,175",105,0,"2,232",,,,,,,,,,
ZCTA5 11577,"12,125","11,083","8,479",281,4,"2,096",,,,,,,,,,
ZCTA5 11579,"5,084","4,698","4,453",60,0,64,,,,,,,,,,
ZCTA5 11580,"43,414","32,996","10,098","13,693",15,"6,130",,,,,,,,,,
ZCTA5 11581,"22,919","18,709","9,642","4,137",1,"3,213",,,,,,,,,,
ZCTA5 11590,"48,436","32,013","16,671","9,064",17,"4,596",,,,,,,,,,
ZCTA5 11596,"10,431","9,356","7,161",118,8,"1,872",,,,,,,,,,
ZCTA5 11598,"14,058","13,314","12,121",512,0,289,,,,,,,,,,
ZCTA5 11691,"70,797","53,397","17,752","29,828",0,"2,946",,,,,,,,,,
ZCTA5 11692,"24,639","18,555","3,263","12,880",0,"1,407",,,,,,,,,,
ZCTA5 11693,"14,147","9,939","6,036","2,776",39,415,,,,,,,,,,
ZCTA5 11694,"22,432","18,680","16,507","1,254",0,520,,,,,,,,,,
ZCTA5 11697,"3,782","3,574","3,505",9,0,20,,,,,,,,,,
ZCTA5 11701,"27,831","21,277","10,542","9,683",122,164,,,,,,,,,,
ZCTA5 11702,"14,121","13,177","12,638",61,1,160,,,,,,,,,,
ZCTA5 11703,"17,754","14,382","11,110","1,960",22,585,,,,,,,,,,
ZCTA5 11704,"40,344","33,875","26,809","5,119",73,988,,,,,,,,,,
ZCTA5 11705,"8,241","7,579","7,049",197,13,123,,,,,,,,,,
ZCTA5 11706,"66,668","38,834","25,440","7,367",33,"4,055",,,,,,,,,,
ZCTA5 11709,"6,780","6,442","6,255",23,0,13,,,,,,,,,,
ZCTA5 11710,"36,171","32,162","28,663",857,0,"1,526",,,,,,,,,,
ZCTA5 11713,"9,128","6,896","4,961","1,614",0,149,,,,,,,,,,
ZCTA5 11714,"23,262","20,264","16,749",48,97,"2,786",,,,,,,,,,
ZCTA5 11715,"4,092","3,932","3,873",0,0,27,,,,,,,,,,
ZCTA5 11716,"9,919","8,946","8,321",189,0,371,,,,,,,,,,
ZCTA5 11717,"65,992","17,487","6,831","7,976",39,"1,209",,,,,,,,,,
ZCTA5 11718,"3,169","2,991","2,696",109,0,13,,,,,,,,,,
ZCTA5 11719,"3,508","3,102","2,790",222,13,13,,,,,,,,,,
ZCTA5 11720,"29,213","24,861","20,491","1,357",14,"2,207",,,,,,,,,,
ZCTA5 11721,"6,409","6,070","5,418",117,0,243,,,,,,,,,,
ZCTA5 11722,"36,756","15,601","6,374","7,688",2,736,,,,,,,,,,
ZCTA5 11724,"2,916","2,758","2,389",0,0,106,,,,,,,,,,
ZCTA5 11725,"28,896","26,678","24,423",378,0,"1,458",,,,,,,,,,
ZCTA5 11726,"21,674","12,316","7,392","3,193",269,372,,,,,,,,,,
ZCTA5 11727,"29,374","23,975","17,352","3,382",0,"1,730",,,,,,,,,,
ZCTA5 11729,"26,306","21,922","15,347","2,631",6,"2,871",,,,,,,,,,
ZCTA5 11730,"13,099","11,581","10,938",398,0,203,,,,,,,,,,
ZCTA5 11731,"31,115","28,943","26,381",513,0,"1,383",,,,,,,,,,
ZCTA5 11732,"3,705","3,471","3,095",154,0,59,,,,,,,,,,
ZCTA5 11733,"17,177","15,998","13,532",275,8,"1,544",,,,,,,,,,
ZCTA5 11735,"33,123","28,833","24,292","1,313",14,"2,336",,,,,,,,,,
ZCTA5 11738,"19,401","16,083","13,489","1,016",59,839,,,,,,,,,,
ZCTA5 11739,"1,685","1,552","1,533",0,0,1,,,,,,,,,,
ZCTA5 11740,"10,469","9,707","8,095",851,0,468,,,,,,,,,,
ZCTA5 11741,"27,172","23,243","20,606","1,134",45,"1,056",,,,,,,,,,
ZCTA5 11742,"12,946","11,429","9,953",915,0,462,,,,,,,,,,
ZCTA5 11743,"42,406","38,031","32,790","2,177",10,"1,483",,,,,,,,,,
ZCTA5 11746,"67,873","54,517","42,621","3,344",503,"5,677",,,,,,,,,,
ZCTA5 11747,"19,232","18,339","16,590",400,0,959,,,,,,,,,,
ZCTA5 11749,"3,541","2,154","1,242",211,31,385,,,,,,,,,,
ZCTA5 11751,"13,746","11,964","11,047",245,0,448,,,,,,,,,,
ZCTA5 11752,"9,146","7,786","7,033",96,48,319,,,,,,,,,,
ZCTA5 11753,"13,361","13,007","6,621",191,0,"5,728",,,,,,,,,,
ZCTA5 11754,"17,884","16,701","15,689",110,0,654,,,,,,,,,,
ZCTA5 11755,"12,352","10,708","9,210",239,0,"1,060",,,,,,,,,,
ZCTA5 11756,"43,571","36,229","30,751",648,0,"3,780",,,,,,,,,,
ZCTA5 11757,"45,091","36,064","32,360","1,789",11,"1,081",,,,,,,,,,
ZCTA5 11758,"54,135","49,368","45,565","2,683",0,501,,,,,,,,,,
ZCTA5 11762,"22,704","21,491","20,176",113,0,532,,,,,,,,,,
ZCTA5 11763,"29,808","21,539","16,988","3,268",0,495,,,,,,,,,,
ZCTA5 11764,"13,157","11,501","10,868",41,0,295,,,,,,,,,,
ZCTA5 11765,783,642,528,0,0,111,,,,,,,,,,
ZCTA5 11766,"11,271","10,315","9,799",112,0,371,,,,,,,,,,
ZCTA5 11767,"14,190","12,472","11,288",259,0,726,,,,,,,,,,
ZCTA5 11768,"21,139","19,704","19,144",62,0,331,,,,,,,,,,
ZCTA5 11769,"8,855","8,452","7,792",469,23,49,,,,,,,,,,
ZCTA5 11770,139,96,96,0,0,0,,,,,,,,,,
ZCTA5 11771,"10,032","8,178","6,984",243,0,650,,,,,,,,,,
ZCTA5 11772,"46,181","36,832","31,833","1,565",23,"1,775",,,,,,,,,,
ZCTA5 11776,"23,292","18,730","17,259",614,21,385,,,,,,,,,,
ZCTA5 11777,"9,136","8,305","7,430",101,0,626,,,,,,,,,,
ZCTA5 11778,"12,092","10,269","9,761",93,0,54,,,,,,,,,,
ZCTA5 11779,"38,713","31,716","27,067","1,543",2,"2,363",,,,,,,,,,
ZCTA5 11780,"16,114","14,786","13,653",199,0,653,,,,,,,,,,
ZCTA5 11782,"15,388","14,689","14,052",159,0,226,,,,,,,,,,
ZCTA5 11783,"21,830","20,437","19,072",216,28,900,,,,,,,,,,
ZCTA5 11784,"25,251","21,075","17,587","1,167",8,"1,421",,,,,,,,,,
ZCTA5 11786,"6,670","5,892","5,383",253,0,157,,,,,,,,,,
ZCTA5 11787,"34,815","32,538","29,746",219,6,"1,642",,,,,,,,,,
ZCTA5 11788,"16,578","14,617","12,748",138,10,"1,237",,,,,,,,,,
ZCTA5 11789,"7,610","7,023","6,548",107,172,152,,,,,,,,,,
ZCTA5 11790,"19,319","17,840","11,806",777,0,"4,938",,,,,,,,,,
ZCTA5 11791,"26,075","24,796","16,100",307,0,"7,950",,,,,,,,,,
ZCTA5 11792,"8,879","8,293","8,028",185,0,80,,,,,,,,,,
ZCTA5 11793,"31,350","28,234","26,672",218,15,638,,,,,,,,,,
ZCTA5 11794,"1,279","1,165",394,150,6,530,,,,,,,,,,
ZCTA5 11795,"25,839","23,342","22,188",179,5,523,,,,,,,,,,
ZCTA5 11796,"3,911","3,833","3,665",44,0,72,,,,,,,,,,
ZCTA5 11797,"9,137","8,889","7,051",161,0,"1,458",,,,,,,,,,
ZCTA5 11798,"18,134","12,795","1,054","10,591",5,365,,,,,,,,,,
ZCTA5 11801,"41,099","35,375","20,408",830,0,"12,886",,,,,,,,,,
ZCTA5 11803,"30,067","29,176","23,553",80,8,"4,897",,,,,,,,,,
ZCTA5 11804,"4,594","4,455","3,515",15,0,849,,,,,,,,,,
ZCTA5 11901,"32,534","23,917","17,689","4,411",54,851,,,,,,,,,,
ZCTA5 11930,780,709,694,2,0,0,,,,,,,,,,
ZCTA5 11931,0,0,0,0,0,0,,,,,,,,,,
ZCTA5 11932,"1,066",852,667,171,0,14,,,,,,,,,,
ZCTA5 11933,"6,781","6,279","5,570",478,0,76,,,,,,,,,,
ZCTA5 11934,"7,889","6,342","6,044",144,0,120,,,,,,,,,,
ZCTA5 11935,"3,114","3,077","3,009",16,0,0,,,,,,,,,,
ZCTA5 11937,"20,819","14,494","12,852",612,82,431,,,,,,,,,,
ZCTA5 11939,"1,331","1,285","1,247",13,0,0,,,,,,,,,,
ZCTA5 11940,"5,005","4,952","4,615",47,0,105,,,,,,,,,,
ZCTA5 11941,"2,426","2,162","2,121",30,0,0,,,,,,,,,,
ZCTA5 11942,"5,428","4,838","4,643",30,0,90,,,,,,,,,,
ZCTA5 11944,"4,696","3,780","3,348",225,9,37,,,,,,,,,,
ZCTA5 11946,"17,027","11,621","10,917",153,0,177,,,,,,,,,,
ZCTA5 11947,0,0,0,0,0,0,,,,,,,,,,
ZCTA5 11948,526,463,463,0,0,0,,,,,,,,,,
ZCTA5 11949,"12,744","11,668","10,608",532,0,232,,,,,,,,,,
ZCTA5 11950,"17,264","12,579","10,250","1,308",482,133,,,,,,,,,,
ZCTA5 11951,"14,686","12,358","10,490","1,124",0,185,,,,,,,,,,
ZCTA5 11952,"4,949","4,721","4,713",8,0,0,,,,,,,,,,
ZCTA5 11953,"14,300","12,186","9,567","1,900",12,219,,,,,,,,,,
ZCTA5 11954,"4,272","4,088","3,920",47,18,2,,,,,,,,,,
ZCTA5 11955,"2,863","2,699","2,494",65,0,38,,,,,,,,,,
ZCTA5 11956,319,291,284,3,0,0,,,,,,,,,,
ZCTA5 11957,"1,037","1,008",979,7,0,5,,,,,,,,,,
ZCTA5 11958,802,796,796,0,0,0,,,,,,,,,,
ZCTA5 11959,542,527,467,15,0,33,,,,,,,,,,
ZCTA5 11960,990,921,921,0,0,0,,,,,,,,,,
ZCTA5 11961,"12,878","11,983","10,663",759,0,303,,,,,,,,,,
ZCTA5 11962,253,245,245,0,0,0,,,,,,,,,,
ZCTA5 11963,"8,438","7,250","6,368",164,0,526,,,,,,,,,,
ZCTA5 11964,"3,101","3,101","2,711",31,121,238,,,,,,,,,,
ZCTA5 11965,560,560,560,0,0,0,,,,,,,,,,
ZCTA5 11967,"27,621","22,479","18,778","2,041",0,953,,,,,,,,,,
ZCTA5 11968,"13,481","11,955","9,962","1,265",17,321,,,,,,,,,,
ZCTA5 11970,523,478,450,0,0,28,,,,,,,,,,
ZCTA5 11971,"6,769","5,977","5,625",0,0,233,,,,,,,,,,
ZCTA5 11972,570,483,482,1,0,0,,,,,,,,,,
ZCTA5 11973,35,35,10,0,0,25,,,,,,,,,,
ZCTA5 11975,391,371,290,15,0,7,,,,,,,,,,
ZCTA5 11976,"2,093","1,891","1,810",10,0,22,,,,,,,,,,
ZCTA5 11977,"3,219","2,956","2,796",4,0,99,,,,,,,,,,
ZCTA5 11978,"3,636","3,269","2,749",86,37,74,,,,,,,,,,
ZCTA5 11980,"4,804","4,159","3,914",203,4,38,,,,,,,,,,
ZCTA5 12007,304,304,304,0,0,0,,,,,,,,,,
ZCTA5 12008,539,539,536,0,3,0,,,,,,,,,,
ZCTA5 12009,"8,394","8,078","7,217",201,6,414,,,,,,,,,,
ZCTA5 12010,"27,324","21,386","19,406","1,099",19,380,,,,,,,,,,
ZCTA5 12015,"3,580","3,290","2,869",96,3,94,,,,,,,,,,
ZCTA5 12017,400,400,399,0,0,1,,,,,,,,,,
ZCTA5 12018,"7,470","7,433","7,342",15,0,25,,,,,,,,,,
ZCTA5 12019,"14,681","14,258","13,130",139,10,629,,,,,,,,,,
ZCTA5 12020,"33,896","32,619","30,548",389,9,801,,,,,,,,,,
ZCTA5 12022,931,908,901,4,0,0,,,,,,,,,,
ZCTA5 12023,"2,098","2,096","2,024",7,0,15,,,,,,,,,,
ZCTA5 12024,59,59,59,0,0,0,,,,,,,,,,
ZCTA5 12025,"5,221","5,124","4,960",5,0,90,,,,,,,,,,
ZCTA5 12027,"4,423","4,341","4,152",24,0,10,,,,,,,,,,
ZCTA5 12028,819,819,819,0,0,0,,,,,,,,,,
ZCTA5 12029,"1,045","1,029",909,100,0,0,,,,,,,,,,
ZCTA5 12031,196,171,171,0,0,0,,,,,,,,,,
ZCTA5 12032,635,635,587,0,0,47,,,,,,,,,,
ZCTA5 12033,"8,079","7,604","7,399",15,1,81,,,,,,,,,,
ZCTA5 12035,417,417,412,0,0,0,,,,,,,,,,
ZCTA5 12036,226,217,215,0,0,2,,,,,,,,,,
ZCTA5 12037,"4,501","4,340","3,959",154,0,13,,,,,,,,,,
ZCTA5 12040,25,25,25,0,0,0,,,,,,,,,,
ZCTA5 12041,599,589,560,0,0,0,,,,,,,,,,
ZCTA5 12042,283,283,276,0,0,0,,,,,,,,,,
ZCTA5 12043,"7,872","7,561","6,765",244,22,98,,,,,,,,,,
ZCTA5 12045,571,540,534,6,0,0,,,,,,,,,,
ZCTA5 12046,536,517,517,0,0,0,,,,,,,,,,
ZCTA5 12047,"23,236","21,943","18,132","1,343",49,"1,248",,,,,,,,,,
ZCTA5 12051,"6,405","5,659","3,959","1,478",0,45,,,,,,,,,,
ZCTA5 12052,"2,149","2,140","2,117",0,0,0,,,,,,,,,,
ZCTA5 12053,"4,133","3,844","3,606",40,0,5,,,,,,,,,,
ZCTA5 12054,"16,578","16,157","15,297",253,0,309,,,,,,,,,,
ZCTA5 12056,"2,277","2,111","2,075",1,0,0,,,,,,,,,,
ZCTA5 12057,"2,232","2,167","2,045",0,0,61,,,,,,,,,,
ZCTA5 12058,974,871,813,41,0,17,,,,,,,,,,
ZCTA5 12059,"1,491","1,487","1,476",4,0,7,,,,,,,,,,
ZCTA5 12060,"1,826","1,818","1,744",0,5,23,,,,,,,,,,
ZCTA5 12061,"10,072","9,463","8,632",146,3,533,,,,,,,,,,
ZCTA5 12062,"1,561","1,467","1,424",0,0,26,,,,,,,,,,
ZCTA5 12063,685,685,685,0,0,0,,,,,,,,,,
ZCTA5 12064,357,333,329,0,0,0,,,,,,,,,,
ZCTA5 12065,"44,139","42,085","35,969","1,171",80,"2,826",,,,,,,,,,
ZCTA5 12066,"1,628","1,608","1,514",6,0,3,,,,,,,,,,
ZCTA5 12067,"1,518","1,518","1,498",4,0,0,,,,,,,,,,
ZCTA5 12068,"2,839","2,678","2,626",16,0,0,,,,,,,,,,
ZCTA5 12069,391,391,330,61,0,0,,,,,,,,,,
ZCTA5 12070,"2,220","1,887","1,845",24,0,18,,,,,,,,,,
ZCTA5 12071,204,204,204,0,0,0,,,,,,,,,,
ZCTA5 12072,"3,027","2,900","2,727",45,1,8,,,,,,,,,,
ZCTA5 12074,"2,844","2,821","2,742",8,0,37,,,,,,,,,,
ZCTA5 12075,"2,816","2,669","2,379",26,0,0,,,,,,,,,,
ZCTA5 12076,"1,208","1,113","1,045",17,0,21,,,,,,,,,,
ZCTA5 12077,"6,917","6,541","5,529",424,5,411,,,,,,,,,,
ZCTA5 12078,"23,048","21,941","20,103",333,49,168,,,,,,,,,,
ZCTA5 12082,2,2,0,0,0,0,,,,,,,,,,
ZCTA5 12083,"3,905","3,807","3,609",16,0,0,,,,,,,,,,
ZCTA5 12084,"4,863","4,747","2,668",324,0,"1,665",,,,,,,,,,
ZCTA5 12085,318,318,221,29,0,0,,,,,,,,,,
ZCTA5 12086,"1,712","1,440","1,395",0,0,8,,,,,,,,,,
ZCTA5 12087,"1,108","1,108",962,0,0,8,,,,,,,,,,
ZCTA5 12090,"5,701","5,464","5,263",16,6,9,,,,,,,,,,
ZCTA5 12092,"1,415","1,387","1,368",3,0,0,,,,,,,,,,
ZCTA5 12093,"1,488","1,474","1,362",0,0,33,,,,,,,,,,
ZCTA5 12094,"2,525","2,443","2,369",24,0,0,,,,,,,,,,
ZCTA5 12095,"12,472","12,116","11,513",318,0,15,,,,,,,,,,
ZCTA5 12106,"2,229","2,107","2,079",0,0,0,,,,,,,,,,
ZCTA5 12108,510,509,421,22,0,0,,,,,,,,,,
ZCTA5 12110,"19,825","19,225","15,501",928,0,"1,898",,,,,,,,,,
ZCTA5 12115,61,61,61,0,0,0,,,,,,,,,,
ZCTA5 12116,"1,570","1,560","1,560",0,0,0,,,,,,,,,,
ZCTA5 12117,"2,994","2,954","2,852",7,0,0,,,,,,,,,,
ZCTA5 12118,"16,897","16,599","15,752",93,7,323,,,,,,,,,,
ZCTA5 12120,709,694,686,8,0,0,,,,,,,,,,
ZCTA5 12121,"2,262","2,096","2,071",18,0,0,,,,,,,,,,
ZCTA5 12122,"3,797","3,686","3,527",18,0,46,,,,,,,,,,
ZCTA5 12123,"4,753","4,712","4,461",0,0,0,,,,,,,,,,
ZCTA5 12124,228,187,187,0,0,0,,,,,,,,,,
ZCTA5 12125,"1,280","1,250","1,224",0,0,19,,,,,,,,,,
ZCTA5 12130,560,560,560,0,0,0,,,,,,,,,,
ZCTA5 12131,140,138,132,0,0,0,,,,,,,,,,
ZCTA5 12132,203,203,148,0,13,0,,,,,,,,,,
ZCTA5 12134,"4,730","4,513","4,336",6,0,9,,,,,,,,,,
ZCTA5 12136,765,756,741,7,0,0,,,,,,,,,,
ZCTA5 12137,"2,146","2,092","2,013",77,0,0,,,,,,,,,,
ZCTA5 12138,"2,923","2,780","2,683",17,1,12,,,,,,,,,,
ZCTA5 12139,261,261,251,0,0,0,,,,,,,,,,
ZCTA5 12140,"1,504","1,504","1,420",15,0,32,,,,,,,,,,
ZCTA5 12143,"5,301","5,295","4,882",214,0,62,,,,,,,,,,
ZCTA5 12144,"21,623","20,597","17,664",938,37,"1,030",,,,,,,,,,
ZCTA5 12147,418,418,412,6,0,0,,,,,,,,,,
ZCTA5 12148,"4,549","4,350","4,000",30,0,258,,,,,,,,,,
ZCTA5 12149,"2,246","2,225","2,145",31,8,0,,,,,,,,,,
ZCTA5 12150,613,492,492,0,0,0,,,,,,,,,,
ZCTA5 12151,863,845,804,24,0,8,,,,,,,,,,
ZCTA5 12153,799,799,698,0,0,45,,,,,,,,,,
ZCTA5 12154,"3,157","3,090","3,028",13,5,5,,,,,,,,,,
ZCTA5 12155,"1,540","1,458","1,425",2,0,0,,,,,,,,,,
ZCTA5 12156,912,839,829,0,0,0,,,,,,,,,,
ZCTA5 12157,"4,718","4,497","4,219",67,0,68,,,,,,,,,,
ZCTA5 12158,"6,421","5,839","5,438",112,0,204,,,,,,,,,,
ZCTA5 12159,"8,381","8,236","7,329",190,5,533,,,,,,,,,,
ZCTA5 12160,775,736,717,5,0,6,,,,,,,,,,
ZCTA5 12161,8,8,8,0,0,0,,,,,,,,,,
ZCTA5 12164,454,454,453,1,0,0,,,,,,,,,,
ZCTA5 12165,168,168,168,0,0,0,,,,,,,,,,
ZCTA5 12166,"1,507","1,478","1,465",0,0,1,,,,,,,,,,
ZCTA5 12167,"2,441","2,364","2,289",25,0,37,,,,,,,,,,
ZCTA5 12168,"1,794","1,794","1,772",0,0,0,,,,,,,,,,
ZCTA5 12169,380,380,370,0,0,0,,,,,,,,,,
ZCTA5 12170,"5,156","4,796","4,648",60,2,12,,,,,,,,,,
ZCTA5 12172,224,224,224,0,0,0,,,,,,,,,,
ZCTA5 12173,"2,202","1,953","1,841",21,0,0,,,,,,,,,,
ZCTA5 12174,608,596,575,0,0,0,,,,,,,,,,
ZCTA5 12175,717,652,630,3,0,9,,,,,,,,,,
ZCTA5 12176,393,323,301,0,0,15,,,,,,,,,,
ZCTA5 12177,511,511,404,0,0,12,,,,,,,,,,
ZCTA5 12180,"53,729","49,657","37,420","6,905",16,"2,702",,,,,,,,,,
ZCTA5 12182,"14,643","13,677","10,757","1,653",0,121,,,,,,,,,,
ZCTA5 12183,"2,957","2,643","2,153",208,0,0,,,,,,,,,,
ZCTA5 12184,"7,105","6,661","6,307",87,11,58,,,,,,,,,,
ZCTA5 12185,"1,795","1,777","1,760",0,0,4,,,,,,,,,,
ZCTA5 12186,"6,307","6,184","5,912",32,0,75,,,,,,,,,,
ZCTA5 12187,536,511,501,10,0,0,,,,,,,,,,
ZCTA5 12188,"11,653","11,110","10,524",133,8,235,,,,,,,,,,
ZCTA5 12189,"18,277","16,859","12,659","1,440",21,"1,753",,,,,,,,,,
ZCTA5 12190,655,655,651,4,0,0,,,,,,,,,,
ZCTA5 12192,"2,135","2,018","2,004",5,0,0,,,,,,,,,,
ZCTA5 12193,"1,912","1,912","1,881",23,0,8,,,,,,,,,,
ZCTA5 12194,163,163,162,0,0,0,,,,,,,,,,
ZCTA5 12195,190,190,190,0,0,0,,,,,,,,,,
ZCTA5 12196,"3,940","3,678","3,653",24,0,0,,,,,,,,,,
ZCTA5 12197,"2,119","2,043","1,978",16,10,0,,,,,,,,,,
ZCTA5 12198,"7,109","6,951","6,707",1,0,64,,,,,,,,,,
ZCTA5 12202,"8,716","7,318","2,355","3,832",5,520,,,,,,,,,,
ZCTA5 12203,"30,470","28,955","22,162","2,662",5,"2,485",,,,,,,,,,
ZCTA5 12204,"8,216","7,728","3,331","2,767",0,879,,,,,,,,,,
ZCTA5 12205,"26,255","24,590","20,544","1,196",30,"1,885",,,,,,,,,,
ZCTA5 12206,"15,693","13,570","3,509","7,005",18,"1,546",,,,,,,,,,
ZCTA5 12207,"2,157","2,022",966,973,0,20,,,,,,,,,,
ZCTA5 12208,"22,143","20,785","14,478","3,088",13,"1,917",,,,,,,,,,
ZCTA5 12209,"10,055","8,199","5,201","1,866",0,898,,,,,,,,,,
ZCTA5 12210,"10,807","10,148","4,836","4,539",0,331,,,,,,,,,,
ZCTA5 12211,"14,094","13,426","11,016",440,6,"1,440",,,,,,,,,,
ZCTA5 12222,"6,767","5,521","3,656","1,214",0,357,,,,,,,,,,
ZCTA5 12226,0,0,0,0,0,0,,,,,,,,,,
ZCTA5 12302,"27,701","26,624","25,176",301,29,325,,,,,,,,,,
ZCTA5 12303,"29,725","27,388","21,023","2,695",4,"1,349",,,,,,,,,,
ZCTA5 12304,"20,531","18,718","11,988","2,953",61,"1,364",,,,,,,,,,
ZCTA5 12305,"6,947","6,375","4,282","1,397",60,301,,,,,,,,,,
ZCTA5 12306,"27,352","25,475","21,699","2,053",8,619,,,,,,,,,,
ZCTA5 12307,"7,769","6,096","1,857","2,343",76,485,,,,,,,,,,
ZCTA5 12308,"14,122","12,540","8,214","2,340",165,764,,,,,,,,,,
ZCTA5 12309,"33,172","32,065","26,609","1,061",6,"2,900",,,,,,,,,,
ZCTA5 12401,"35,225","30,797","24,157","3,954",23,723,,,,,,,,,,
ZCTA5 12404,"3,686","3,178","3,003",17,0,56,,,,,,,,,,
ZCTA5 12405,603,529,484,0,0,19,,,,,,,,,,
ZCTA5 12406,571,455,440,0,11,3,,,,,,,,,,
ZCTA5 12407,120,111,104,7,0,0,,,,,,,,,,
ZCTA5 12409,955,920,863,0,0,46,,,,,,,,,,
ZCTA5 12410,365,355,347,0,0,0,,,,,,,,,,
ZCTA5 12411,353,353,271,0,0,4,,,,,,,,,,
ZCTA5 12412,575,575,546,0,0,15,,,,,,,,,,
ZCTA5 12413,"3,150","2,954","2,718",10,0,0,,,,,,,,,,
ZCTA5 12414,"10,211","9,571","8,538",639,100,162,,,,,,,,,,
ZCTA5 12416,216,178,117,0,0,0,,,,,,,,,,
ZCTA5 12417,941,882,765,0,0,0,,,,,,,,,,
ZCTA5 12418,264,264,216,7,0,0,,,,,,,,,,
ZCTA5 12419,648,628,553,0,0,0,,,,,,,,,,
ZCTA5 12420,350,350,350,0,0,0,,,,,,,,,,
ZCTA5 12421,240,240,240,0,0,0,,,,,,,,,,
ZCTA5 12422,360,360,339,0,0,21,,,,,,,,,,
ZCTA5 12423,"1,207","1,059",761,125,0,0,,,,,,,,,,
ZCTA5 12424,263,261,261,0,0,0,,,,,,,,,,
ZCTA5 12427,876,867,853,9,0,5,,,,,,,,,,
ZCTA5 12428,"6,866","4,802","4,110",426,4,93,,,,,,,,,,
ZCTA5 12429,35,35,35,0,0,0,,,,,,,,,,
ZCTA5 12430,"1,449","1,323","1,138",0,0,50,,,,,,,,,,
ZCTA5 12431,"1,544","1,461","1,371",0,0,1,,,,,,,,,,
ZCTA5 12432,675,442,442,0,0,0,,,,,,,,,,
ZCTA5 12433,486,486,486,0,0,0,,,,,,,,,,
ZCTA5 12434,723,723,709,14,0,0,,,,,,,,,,
ZCTA5 12435,210,194,194,0,0,0,,,,,,,,,,
ZCTA5 12436,224,224,224,0,0,0,,,,,,,,,,
ZCTA5 12438,29,29,29,0,0,0,,,,,,,,,,
ZCTA5 12439,336,309,309,0,0,0,,,,,,,,,,
ZCTA5 12440,"1,561","1,502","1,269",124,0,43,,,,,,,,,,
ZCTA5 12441,98,98,98,0,0,0,,,,,,,,,,
ZCTA5 12442,686,655,655,0,0,0,,,,,,,,,,
ZCTA5 12443,"3,919","3,560","3,278",35,0,45,,,,,,,,,,
ZCTA5 12444,432,331,293,0,0,1,,,,,,,,,,
ZCTA5 12446,"5,077","4,624","3,978",4,6,60,,,,,,,,,,
ZCTA5 12448,160,160,160,0,0,0,,,,,,,,,,
ZCTA5 12449,"3,333","2,777","2,275",224,0,24,,,,,,,,,,
ZCTA5 12450,208,173,173,0,0,0,,,,,,,,,,
ZCTA5 12451,"1,379","1,260","1,227",0,0,33,,,,,,,,,,
ZCTA5 12452,16,16,16,0,0,0,,,,,,,,,,
ZCTA5 12453,232,232,216,0,0,0,,,,,,,,,,
ZCTA5 12454,432,432,432,0,0,0,,,,,,,,,,
ZCTA5 12455,"1,733","1,337","1,279",26,0,5,,,,,,,,,,
ZCTA5 12456,796,725,691,24,0,0,,,,,,,,,,
ZCTA5 12457,"1,419","1,419","1,356",0,0,7,,,,,,,,,,
ZCTA5 12458,"3,762","2,820","1,846",795,1,27,,,,,,,,,,
ZCTA5 12459,112,112,112,0,0,0,,,,,,,,,,
ZCTA5 12460,262,262,262,0,0,0,,,,,,,,,,
ZCTA5 12461,"1,346","1,244","1,121",0,0,75,,,,,,,,,,
ZCTA5 12463,"1,205","1,186","1,182",4,0,0,,,,,,,,,,
ZCTA5 12464,989,893,823,11,0,16,,,,,,,,,,
ZCTA5 12465,343,338,217,0,0,117,,,,,,,,,,
ZCTA5 12466,"2,077","1,739","1,490",10,0,0,,,,,,,,,,
ZCTA5 12468,"1,372","1,343","1,261",17,0,0,,,,,,,,,,
ZCTA5 12469,736,717,683,31,0,0,,,,,,,,,,
ZCTA5 12470,667,667,667,0,0,0,,,,,,,,,,
ZCTA5 12471,288,264,264,0,0,0,,,,,,,,,,
ZCTA5 12472,"1,304","1,237","1,117",28,0,16,,,,,,,,,,
ZCTA5 12473,657,655,655,0,0,0,,,,,,,,,,
ZCTA5 12474,943,915,855,33,0,0,,,,,,,,,,
ZCTA5 12475,463,375,325,0,0,11,,,,,,,,,,
ZCTA5 12477,"18,196","17,272","15,706",238,43,122,,,,,,,,,,
ZCTA5 12480,369,353,295,0,0,10,,,,,,,,,,
ZCTA5 12481,"1,569","1,569","1,481",0,9,30,,,,,,,,,,
ZCTA5 12482,494,494,494,0,0,0,,,,,,,,,,
ZCTA5 12483,54,54,49,0,0,0,,,,,,,,,,
ZCTA5 12484,"3,325","3,164","2,507",227,0,283,,,,,,,,,,
ZCTA5 12485,"1,220","1,220","1,220",0,0,0,,,,,,,,,,
ZCTA5 12486,"1,784","1,651","1,128",43,0,17,,,,,,,,,,
ZCTA5 12487,"3,930","3,795","3,117",448,0,8,,,,,,,,,,
ZCTA5 12489,112,112,112,0,0,0,,,,,,,,,,
ZCTA5 12490,0,0,0,0,0,0,,,,,,,,,,
ZCTA5 12491,"1,858","1,689","1,487",10,6,17,,,,,,,,,,
ZCTA5 12492,197,186,186,0,0,0,,,,,,,,,,
ZCTA5 12493,83,77,66,7,0,0,,,,,,,,,,
ZCTA5 12494,774,750,715,35,0,0,,,,,,,,,,
ZCTA5 12495,98,98,98,0,0,0,,,,,,,,,,
ZCTA5 12496,"1,292","1,224","1,104",42,0,22,,,,,,,,,,
ZCTA5 12498,"4,657","4,471","4,084",82,0,115,,,,,,,,,,
ZCTA5 12501,"2,007","1,582","1,381",62,0,81,,,,,,,,,,
ZCTA5 12502,"1,265","1,250","1,106",11,0,15,,,,,,,,,,
ZCTA5 12503,661,604,514,12,0,4,,,,,,,,,,
ZCTA5 12504,"1,299","1,154",851,103,13,145,,,,,,,,,,
ZCTA5 12507,299,277,253,7,0,17,,,,,,,,,,
ZCTA5 12508,"19,697","16,334","12,117","2,975",20,540,,,,,,,,,,
ZCTA5 12512,239,239,231,0,0,0,,,,,,,,,,
ZCTA5 12513,178,178,178,0,0,0,,,,,,,,,,
ZCTA5 12514,"3,213","3,133","2,909",36,0,106,,,,,,,,,,
ZCTA5 12515,"1,735","1,428","1,156",38,0,0,,,,,,,,,,
ZCTA5 12516,"1,862","1,820","1,695",11,0,22,,,,,,,,,,
ZCTA5 12517,397,359,338,0,0,0,,,,,,,,,,
ZCTA5 12518,"5,934","5,067","4,762",90,0,170,,,,,,,,,,
ZCTA5 12520,"3,111","2,814","2,682",28,0,78,,,,,,,,,,
ZCTA5 12521,"1,529","1,491","1,325",20,0,7,,,,,,,,,,
ZCTA5 12522,"4,834","4,261","3,956",17,0,91,,,,,,,,,,
ZCTA5 12523,"2,028","1,984","1,918",13,0,12,,,,,,,,,,
ZCTA5 12524,"15,633","13,408","10,819","1,292",12,595,,,,,,,,,,
ZCTA5 12525,"1,817","1,795","1,261",0,0,0,,,,,,,,,,
ZCTA5 12526,"3,310","3,106","2,941",35,0,30,,,,,,,,,,
ZCTA5 12527,12,12,6,6,0,0,,,,,,,,,,
ZCTA5 12528,"13,675","12,328","10,629",595,10,348,,,,,,,,,,
ZCTA5 12529,"1,901","1,786","1,747",0,3,0,,,,,,,,,,
ZCTA5 12530,354,354,354,0,0,0,,,,,,,,,,
ZCTA5 12531,"2,295","2,256","2,063",35,0,13,,,,,,,,,,
ZCTA5 12533,"26,101","22,518","18,643","1,004",60,"1,391",,,,,,,,,,
ZCTA5 12534,"18,194","16,994","13,240","1,848",0,983,,,,,,,,,,
ZCTA5 12538,"14,311","13,412","11,496","1,073",15,399,,,,,,,,,,
ZCTA5 12540,"9,107","7,959","7,229",390,18,176,,,,,,,,,,
ZCTA5 12542,"5,825","5,262","4,662",184,0,45,,,,,,,,,,
ZCTA5 12543,"3,146","2,689","2,226",384,8,46,,,,,,,,,,
ZCTA5 12544,59,59,59,0,0,0,,,,,,,,,,
ZCTA5 12545,"4,321","4,095","3,761",178,11,105,,,,,,,,,,
ZCTA5 12546,"2,766","2,518","2,162",224,0,72,,,,,,,,,,
ZCTA5 12547,"2,786","2,557","2,479",37,0,40,,,,,,,,,,
ZCTA5 12548,"1,011",877,855,22,0,0,,,,,,,,,,
ZCTA5 12549,"10,750","9,407","8,042",913,0,43,,,,,,,,,,
ZCTA5 12550,"55,564","33,266","20,394","10,138",8,"1,020",,,,,,,,,,
ZCTA5 12553,"26,806","19,474","13,781","3,953",38,"1,183",,,,,,,,,,
ZCTA5 12561,"18,058","16,137","14,065",906,28,515,,,,,,,,,,
ZCTA5 12563,"7,316","5,982","5,084",663,0,90,,,,,,,,,,
ZCTA5 12564,"7,945","6,709","6,208",204,0,136,,,,,,,,,,
ZCTA5 12565,"1,403","1,329","1,256",44,0,1,,,,,,,,,,
ZCTA5 12566,"13,028","12,070","10,659",501,0,22,,,,,,,,,,
ZCTA5 12567,"2,411","2,324","2,261",5,0,2,,,,,,,,,,
ZCTA5 12569,"10,174","8,852","8,207",91,0,82,,,,,,,,,,
ZCTA5 12570,"6,792","6,132","5,410",446,0,194,,,,,,,,,,
ZCTA5 12571,"9,167","8,857","7,977",324,0,170,,,,,,,,,,
ZCTA5 12572,"8,762","8,228","7,713",177,0,155,,,,,,,,,,
ZCTA5 12574,525,456,431,0,0,25,,,,,,,,,,
ZCTA5 12575,"1,944","1,574","1,380",132,0,0,,,,,,,,,,
ZCTA5 12577,"1,520","1,349","1,280",19,0,0,,,,,,,,,,
ZCTA5 12578,"2,152","2,114","1,988",19,0,21,,,,,,,,,,
ZCTA5 12580,"4,389","4,245","3,841",123,0,116,,,,,,,,,,
ZCTA5 12581,"2,048","1,606","1,531",1,0,33,,,,,,,,,,
ZCTA5 12582,"6,205","5,356","3,869","1,235",8,92,,,,,,,,,,
ZCTA5 12583,"1,837","1,738","1,689",6,0,35,,,,,,,,,,
ZCTA5 12585,"1,000",986,724,153,3,62,,,,,,,,,,
ZCTA5 12586,"12,147","10,384","8,375","1,228",0,96,,,,,,,,,,
ZCTA5 12589,"19,255","15,978","12,612","1,442",0,283,,,,,,,,,,
ZCTA5 12590,"36,849","31,333","25,253","3,097",18,"1,751",,,,,,,,,,
ZCTA5 12592,"1,507","1,234","1,080",118,0,26,,,,,,,,,,
ZCTA5 12594,"3,930","3,131","2,745",376,0,10,,,,,,,,,,
ZCTA5 12601,"42,737","35,125","20,433","11,004",58,"1,049",,,,,,,,,,
ZCTA5 12603,"41,610","36,403","28,518","4,361",57,"2,190",,,,,,,,,,
ZCTA5 12604,"1,993","1,840","1,239",161,0,331,,,,,,,,,,
ZCTA5 12701,"12,559","9,248","6,389","1,946",46,402,,,,,,,,,,
ZCTA5 12719,"1,093","1,056","1,015",19,13,9,,,,,,,,,,
ZCTA5 12720,67,67,67,0,0,0,,,,,,,,,,
ZCTA5 12721,"7,209","5,699","4,979",267,98,83,,,,,,,,,,
ZCTA5 12722,25,25,25,0,0,0,,,,,,,,,,
ZCTA5 12723,"1,596","1,438","1,141",231,6,6,,,,,,,,,,
ZCTA5 12724,65,65,57,0,0,0,,,,,,,,,,
ZCTA5 12725,191,187,184,0,0,3,,,,,,,,,,
ZCTA5 12726,"1,450","1,399","1,367",1,0,2,,,,,,,,,,
ZCTA5 12729,"1,316","1,200",882,237,0,47,,,,,,,,,,
ZCTA5 12732,819,719,708,0,0,0,,,,,,,,,,
ZCTA5 12733,"2,771","2,341","1,336",932,22,4,,,,,,,,,,
ZCTA5 12734,"1,146",800,611,0,0,0,,,,,,,,,,
ZCTA5 12736,108,94,94,0,0,0,,,,,,,,,,
ZCTA5 12737,"1,743","1,604","1,509",30,0,27,,,,,,,,,,
ZCTA5 12738,255,212,212,0,0,0,,,,,,,,,,
ZCTA5 12740,"1,810","1,578","1,393",49,0,0,,,,,,,,,,
ZCTA5 12741,189,182,146,17,0,0,,,,,,,,,,
ZCTA5 12742,87,54,54,0,0,0,,,,,,,,,,
ZCTA5 12743,384,384,377,2,0,0,,,,,,,,,,
ZCTA5 12745,15,15,15,0,0,0,,,,,,,,,,
ZCTA5 12746,785,727,636,0,0,54,,,,,,,,,,
ZCTA5 12747,"2,046","1,825","1,473",56,0,276,,,,,,,,,,
ZCTA5 12748,"1,971","1,757","1,611",51,0,28,,,,,,,,,,
ZCTA5 12749,537,537,537,0,0,0,,,,,,,,,,
ZCTA5 12750,22,22,22,0,0,0,,,,,,,,,,
ZCTA5 12751,"1,397","1,209","1,007",150,0,0,,,,,,,,,,
ZCTA5 12752,315,311,301,10,0,0,,,,,,,,,,
ZCTA5 12754,"7,688","5,427","4,437",767,0,80,,,,,,,,,,
ZCTA5 12758,"3,941","3,679","3,254",49,0,107,,,,,,,,,,
ZCTA5 12759,"2,398","2,041","1,382",531,55,13,,,,,,,,,,
ZCTA5 12760,479,352,342,0,0,10,,,,,,,,,,
ZCTA5 12762,484,466,466,0,0,0,,,,,,,,,,
ZCTA5 12763,565,502,461,20,0,0,,,,,,,,,,
ZCTA5 12764,"1,694","1,642","1,474",39,4,53,,,,,,,,,,
ZCTA5 12765,910,899,899,0,0,0,,,,,,,,,,
ZCTA5 12766,651,651,644,0,0,7,,,,,,,,,,
ZCTA5 12767,201,190,190,0,0,0,,,,,,,,,,
ZCTA5 12768,626,548,515,10,0,0,,,,,,,,,,
ZCTA5 12769,291,281,199,50,0,32,,,,,,,,,,
ZCTA5 12770,254,159,159,0,0,0,,,,,,,,,,
ZCTA5 12771,"14,840","12,768","10,504",810,210,526,,,,,,,,,,
ZCTA5 12775,"2,061","1,652","1,336",260,5,24,,,,,,,,,,
ZCTA5 12776,"2,003","1,714","1,665",14,0,6,,,,,,,,,,
ZCTA5 12777,856,821,748,19,2,5,,,,,,,,,,
ZCTA5 12778,384,384,384,0,0,0,,,,,,,,,,
ZCTA5 12779,"1,380",763,601,162,0,0,,,,,,,,,,
ZCTA5 12780,"2,153","2,107","1,851",47,0,11,,,,,,,,,,
ZCTA5 12781,104,95,95,0,0,0,,,,,,,,,,
ZCTA5 12783,"1,378","1,180","1,066",80,8,0,,,,,,,,,,
ZCTA5 12784,3,3,0,3,0,0,,,,,,,,,,
ZCTA5 12785,"1,219","1,190",697,168,0,33,,,,,,,,,,
ZCTA5 12786,482,435,435,0,0,0,,,,,,,,,,
ZCTA5 12787,89,89,76,0,0,0,,,,,,,,,,
ZCTA5 12788,"2,596","2,118","1,652",381,13,12,,,,,,,,,,
ZCTA5 12789,"1,961","1,453","1,135",121,0,110,,,,,,,,,,
ZCTA5 12790,"4,542","4,038","3,688",42,4,170,,,,,,,,,,
ZCTA5 12791,741,741,741,0,0,0,,,,,,,,,,
ZCTA5 12792,132,132,132,0,0,0,,,,,,,,,,
ZCTA5 12801,"14,838","14,241","13,428",258,5,71,,,,,,,,,,
ZCTA5 12803,"8,349","8,249","7,911",29,21,30,,,,,,,,,,
ZCTA5 12804,"27,486","26,760","25,667",237,42,207,,,,,,,,,,
ZCTA5 12808,202,202,192,0,0,4,,,,,,,,,,
ZCTA5 12809,"3,679","3,628","3,497",5,7,54,,,,,,,,,,
ZCTA5 12810,586,571,558,3,0,0,,,,,,,,,,
ZCTA5 12811,175,175,173,0,0,0,,,,,,,,,,
ZCTA5 12812,328,328,328,0,0,0,,,,,,,,,,
ZCTA5 12814,"1,300","1,300","1,246",54,0,0,,,,,,,,,,
ZCTA5 12815,"1,041","1,041","1,038",0,0,0,,,,,,,,,,
ZCTA5 12816,"4,636","4,450","4,294",39,13,74,,,,,,,,,,
ZCTA5 12817,"2,006","1,993","1,933",3,0,37,,,,,,,,,,
ZCTA5 12819,311,311,282,0,0,0,,,,,,,,,,
ZCTA5 12820,96,96,88,0,8,0,,,,,,,,,,
ZCTA5 12821,"2,764","2,055",660,"1,247",9,43,,,,,,,,,,
ZCTA5 12822,"6,036","5,972","5,839",12,0,0,,,,,,,,,,
ZCTA5 12823,462,462,462,0,0,0,,,,,,,,,,
ZCTA5 12824,949,933,913,20,0,0,,,,,,,,,,
ZCTA5 12827,"3,349","3,328","3,144",22,11,9,,,,,,,,,,
ZCTA5 12828,"9,866","9,803","9,531",25,91,12,,,,,,,,,,
ZCTA5 12831,"18,314","17,660","17,175",90,3,184,,,,,,,,,,
ZCTA5 12832,"6,353","6,314","6,096",56,9,11,,,,,,,,,,
ZCTA5 12833,"5,141","5,089","4,801",60,0,102,,,,,,,,,,
ZCTA5 12834,"6,211","6,090","5,931",38,1,56,,,,,,,,,,
ZCTA5 12835,"2,760","2,723","2,651",12,3,0,,,,,,,,,,
ZCTA5 12836,593,585,567,0,0,0,,,,,,,,,,
ZCTA5 12837,"1,083","1,083","1,057",0,0,0,,,,,,,,,,
ZCTA5 12838,735,735,708,0,0,0,,,,,,,,,,
ZCTA5 12839,"13,612","13,307","12,698",109,25,68,,,,,,,,,,
ZCTA5 12841,123,123,123,0,0,0,,,,,,,,,,
ZCTA5 12842,595,593,571,2,0,2,,,,,,,,,,
ZCTA5 12843,672,672,646,21,0,0,,,,,,,,,,
ZCTA5 12844,265,258,249,9,0,0,,,,,,,,,,
ZCTA5 12845,"4,760","4,570","4,385",64,8,26,,,,,,,,,,
ZCTA5 12846,"3,057","3,033","2,987",20,7,0,,,,,,,,,,
ZCTA5 12847,376,366,324,13,8,20,,,,,,,,,,
ZCTA5 12849,320,313,313,0,0,0,,,,,,,,,,
ZCTA5 12850,"2,621","2,596","2,490",63,0,0,,,,,,,,,,
ZCTA5 12851,379,379,339,2,16,0,,,,,,,,,,
ZCTA5 12852,333,328,307,1,1,10,,,,,,,,,,
ZCTA5 12853,"1,456","1,442","1,387",8,0,13,,,,,,,,,,
ZCTA5 12854,82,82,82,0,0,0,,,,,,,,,,
ZCTA5 12855,236,219,216,0,0,0,,,,,,,,,,
ZCTA5 12856,281,281,281,0,0,0,,,,,,,,,,
ZCTA5 12857,750,747,741,0,1,3,,,,,,,,,,
ZCTA5 12858,112,112,98,0,0,0,,,,,,,,,,
ZCTA5 12859,"2,146","2,133","2,059",21,0,0,,,,,,,,,,
ZCTA5 12860,342,340,330,2,0,5,,,,,,,,,,
ZCTA5 12861,544,544,507,0,0,10,,,,,,,,,,
ZCTA5 12862,160,120,120,0,0,0,,,,,,,,,,
ZCTA5 12863,"1,285","1,285","1,285",0,0,0,,,,,,,,,,
ZCTA5 12864,4,4,4,0,0,0,,,,,,,,,,
ZCTA5 12865,"3,522","3,454","3,256",87,20,1,,,,,,,,,,
ZCTA5 12866,"38,788","37,371","33,918","1,123",13,"1,152",,,,,,,,,,
ZCTA5 12870,"1,725","1,719","1,685",2,1,0,,,,,,,,,,
ZCTA5 12871,"4,025","3,894","3,708",126,0,17,,,,,,,,,,
ZCTA5 12872,95,95,95,0,0,0,,,,,,,,,,
ZCTA5 12873,832,792,759,2,0,0,,,,,,,,,,
ZCTA5 12874,138,138,135,0,0,0,,,,,,,,,,
ZCTA5 12878,749,701,680,13,0,0,,,,,,,,,,
ZCTA5 12883,"4,784","4,755","4,666",8,0,23,,,,,,,,,,
ZCTA5 12884,669,658,599,2,0,0,,,,,,,,,,
ZCTA5 12885,"4,423","4,309","3,986",58,0,132,,,,,,,,,,
ZCTA5 12886,176,176,156,11,0,0,,,,,,,,,,
ZCTA5 12887,"4,733","4,626","4,307",2,2,0,,,,,,,,,,
ZCTA5 12901,"32,866","31,896","29,486",862,141,720,,,,,,,,,,
ZCTA5 12903,"1,707","1,675","1,558",26,10,54,,,,,,,,,,
ZCTA5 12910,"2,062","1,918","1,604",252,0,21,,,,,,,,,,
ZCTA5 12911,0,0,0,0,0,0,,,,,,,,,,
ZCTA5 12912,"1,538","1,506","1,472",0,1,3,,,,,,,,,,
ZCTA5 12913,"1,192","1,186","1,147",0,0,0,,,,,,,,,,
ZCTA5 12914,979,979,896,0,50,0,,,,,,,,,,
ZCTA5 12915,79,76,76,0,0,0,,,,,,,,,,
ZCTA5 12916,"2,376","2,326","2,177",42,0,0,,,,,,,,,,
ZCTA5 12917,"1,322","1,251","1,111",60,64,1,,,,,,,,,,
ZCTA5 12918,"2,828","2,761","2,652",17,9,0,,,,,,,,,,
ZCTA5 12919,"2,971","2,941","2,844",7,2,7,,,,,,,,,,
ZCTA5 12920,"2,242","2,200","2,076",14,37,8,,,,,,,,,,
ZCTA5 12921,"2,592","2,564","2,450",9,0,8,,,,,,,,,,
ZCTA5 12922,46,46,45,0,1,0,,,,,,,,,,
ZCTA5 12923,466,460,457,1,0,0,,,,,,,,,,
ZCTA5 12924,61,61,58,0,0,0,,,,,,,,,,
ZCTA5 12926,"2,371","2,363","2,217",17,60,0,,,,,,,,,,
ZCTA5 12927,294,294,294,0,0,0,,,,,,,,,,
ZCTA5 12928,"2,019","1,952","1,931",6,3,0,,,,,,,,,,
ZCTA5 12929,"4,078","3,427","1,516","1,828",17,11,,,,,,,,,,
ZCTA5 12930,851,839,721,0,13,3,,,,,,,,,,
ZCTA5 12932,"1,126","1,072","1,001",27,0,0,,,,,,,,,,
ZCTA5 12933,40,28,28,0,0,0,,,,,,,,,,
ZCTA5 12934,992,992,983,0,0,2,,,,,,,,,,
ZCTA5 12935,"1,488","1,476","1,423",5,0,0,,,,,,,,,,
ZCTA5 12936,581,578,569,3,0,0,,,,,,,,,,
ZCTA5 12937,"1,569","1,563","1,189",35,234,4,,,,,,,,,,
ZCTA5 12939,175,175,167,0,0,0,,,,,,,,,,
ZCTA5 12941,"1,516","1,484","1,475",5,1,0,,,,,,,,,,
ZCTA5 12942,605,594,592,0,0,2,,,,,,,,,,
ZCTA5 12943,339,339,329,0,0,0,,,,,,,,,,
ZCTA5 12944,"4,106","4,061","3,964",35,22,3,,,,,,,,,,
ZCTA5 12945,388,388,388,0,0,0,,,,,,,,,,
ZCTA5 12946,"4,633","4,517","4,365",33,2,10,,,,,,,,,,
ZCTA5 12950,670,669,604,37,1,0,,,,,,,,,,
ZCTA5 12952,283,281,268,3,0,0,,,,,,,,,,
ZCTA5 12953,"14,643","13,531","11,283","2,004",10,19,,,,,,,,,,
ZCTA5 12955,297,297,292,0,0,0,,,,,,,,,,
ZCTA5 12956,"1,210","1,161","1,064",88,0,0,,,,,,,,,,
ZCTA5 12957,"1,500","1,500","1,453",0,14,0,,,,,,,,,,
ZCTA5 12958,"1,919","1,919","1,906",0,0,0,,,,,,,,,,
ZCTA5 12959,"1,507","1,501","1,490",0,0,0,,,,,,,,,,
ZCTA5 12960,943,941,927,2,12,0,,,,,,,,,,
ZCTA5 12961,127,127,42,0,0,0,,,,,,,,,,
ZCTA5 12962,"4,713","4,708","4,532",9,9,129,,,,,,,,,,
ZCTA5 12964,60,60,52,0,0,8,,,,,,,,,,
ZCTA5 12965,408,399,387,0,0,12,,,,,,,,,,
ZCTA5 12966,"2,825","2,681","2,606",0,4,16,,,,,,,,,,
ZCTA5 12967,"1,251","1,217","1,177",1,2,3,,,,,,,,,,
ZCTA5 12969,288,277,268,0,5,0,,,,,,,,,,
ZCTA5 12970,922,910,829,25,6,46,,,,,,,,,,
ZCTA5 12972,"6,912","6,648","6,414",56,0,81,,,,,,,,,,
ZCTA5 12973,75,75,71,0,0,4,,,,,,,,,,
ZCTA5 12974,"2,269","2,162","2,085",6,5,0,,,,,,,,,,
ZCTA5 12975,256,256,211,3,0,2,,,,,,,,,,
ZCTA5 12976,185,166,163,0,0,0,,,,,,,,,,
ZCTA5 12977,"1,741","1,166",346,757,3,0,,,,,,,,,,
ZCTA5 12978,253,236,236,0,0,0,,,,,,,,,,
ZCTA5 12979,"2,324","2,307","2,224",11,6,24,,,,,,,,,,
ZCTA5 12980,"1,055","1,050","1,005",0,2,0,,,,,,,,,,
ZCTA5 12981,"2,324","2,298","2,284",0,0,0,,,,,,,,,,
ZCTA5 12983,"7,135","6,966","6,722",124,28,0,,,,,,,,,,
ZCTA5 12985,939,924,909,0,6,0,,,,,,,,,,
ZCTA5 12986,"5,325","5,254","4,970",156,18,13,,,,,,,,,,
ZCTA5 12987,224,224,223,0,0,0,,,,,,,,,,
ZCTA5 12989,879,879,801,0,0,12,,,,,,,,,,
ZCTA5 12992,"3,800","3,766","3,702",0,0,19,,,,,,,,,,
ZCTA5 12993,"1,499","1,495","1,447",16,2,4,,,,,,,,,,
ZCTA5 12996,"2,042","2,021","1,866",20,2,6,,,,,,,,,,
ZCTA5 12997,"1,184","1,176","1,152",2,9,0,,,,,,,,,,
ZCTA5 12998,113,113,90,0,13,10,,,,,,,,,,
ZCTA5 13020,82,82,82,0,0,0,,,,,,,,,,
ZCTA5 13021,"37,756","36,648","33,476","1,275",27,326,,,,,,,,,,
ZCTA5 13024,"1,806","1,533",475,"1,043",5,0,,,,,,,,,,
ZCTA5 13026,"1,772","1,649","1,588",20,7,5,,,,,,,,,,
ZCTA5 13027,"35,417","34,043","32,229",445,20,403,,,,,,,,,,
ZCTA5 13028,743,695,662,0,0,0,,,,,,,,,,
ZCTA5 13029,"7,853","7,733","7,223",0,0,23,,,,,,,,,,
ZCTA5 13030,"3,705","3,568","3,330",0,0,92,,,,,,,,,,
ZCTA5 13031,"16,151","15,870","14,928",161,5,367,,,,,,,,,,
ZCTA5 13032,"12,960","12,837","11,975",28,144,10,,,,,,,,,,
ZCTA5 13033,"3,794","3,779","3,616",0,7,23,,,,,,,,,,
ZCTA5 13034,"1,924","1,884","1,781",13,1,26,,,,,,,,,,
ZCTA5 13035,"8,450","8,204","7,796",198,13,56,,,,,,,,,,
ZCTA5 13036,"9,697","9,653","9,407",20,6,10,,,,,,,,,,
ZCTA5 13037,"9,702","9,379","9,099",51,65,22,,,,,,,,,,
ZCTA5 13039,"17,233","17,091","16,203",204,17,365,,,,,,,,,,
ZCTA5 13040,"2,670","2,645","2,562",0,18,0,,,,,,,,,,
ZCTA5 13041,"11,916","11,530","10,441",188,12,242,,,,,,,,,,
ZCTA5 13042,"1,817","1,814","1,768",0,0,1,,,,,,,,,,
ZCTA5 13044,"3,041","2,861","2,752",0,0,0,,,,,,,,,,
ZCTA5 13045,"28,158","27,129","25,306",739,16,244,,,,,,,,,,
ZCTA5 13051,30,30,30,0,0,0,,,,,,,,,,
ZCTA5 13052,"1,960","1,957","1,940",0,2,0,,,,,,,,,,
ZCTA5 13053,"5,033","4,801","4,327",116,0,167,,,,,,,,,,
ZCTA5 13054,"1,105","1,105","1,105",0,0,0,,,,,,,,,,
ZCTA5 13057,"14,300","14,050","13,027",198,13,331,,,,,,,,,,
ZCTA5 13060,"2,723","2,662","2,387",9,0,56,,,,,,,,,,
ZCTA5 13061,785,762,699,63,0,0,,,,,,,,,,
ZCTA5 13062,187,187,187,0,0,0,,,,,,,,,,
ZCTA5 13063,"1,802","1,782","1,710",0,7,60,,,,,,,,,,
ZCTA5 13065,301,301,301,0,0,0,,,,,,,,,,
ZCTA5 13066,"12,757","12,472","11,199",294,2,418,,,,,,,,,,
ZCTA5 13068,"4,699","4,638","4,450",0,17,52,,,,,,,,,,
ZCTA5 13069,"24,243","23,286","22,615",113,34,64,,,,,,,,,,
ZCTA5 13071,811,768,717,0,0,25,,,,,,,,,,
ZCTA5 13072,861,861,843,0,8,0,,,,,,,,,,
ZCTA5 13073,"6,612","6,489","5,974",110,10,14,,,,,,,,,,
ZCTA5 13074,"4,302","4,242","4,044",1,1,44,,,,,,,,,,
ZCTA5 13076,"2,269","2,196","2,145",0,6,23,,,,,,,,,,
ZCTA5 13077,"6,642","6,556","6,192",3,0,243,,,,,,,,,,
ZCTA5 13078,"11,008","10,881","8,885",634,18,736,,,,,,,,,,
ZCTA5 13080,"3,507","3,375","3,249",5,29,0,,,,,,,,,,
ZCTA5 13081,"1,271","1,233","1,161",0,0,14,,,,,,,,,,
ZCTA5 13082,"3,895","3,893","3,771",3,0,10,,,,,,,,,,
ZCTA5 13083,"2,016","2,005","1,960",3,0,19,,,,,,,,,,
ZCTA5 13084,"3,580","3,501","3,301",92,0,0,,,,,,,,,,
ZCTA5 13087,166,166,143,0,0,0,,,,,,,,,,
ZCTA5 13088,"22,132","21,332","19,037",722,15,863,,,,,,,,,,
ZCTA5 13090,"29,237","27,477","23,976","1,385",37,681,,,,,,,,,,
ZCTA5 13092,"2,535","2,509","2,228",32,0,46,,,,,,,,,,
ZCTA5 13101,"2,496","2,426","2,325",2,0,0,,,,,,,,,,
ZCTA5 13102,61,61,61,0,0,0,,,,,,,,,,
ZCTA5 13103,136,136,113,0,0,1,,,,,,,,,,
ZCTA5 13104,"17,022","16,701","14,529",201,8,"1,541",,,,,,,,,,
ZCTA5 13108,"6,213","6,101","5,887",22,0,43,,,,,,,,,,
ZCTA5 13110,"2,351","2,290","2,165",0,0,0,,,,,,,,,,
ZCTA5 13111,"1,771","1,551","1,524",0,0,16,,,,,,,,,,
ZCTA5 13112,"1,622","1,585","1,585",0,0,0,,,,,,,,,,
ZCTA5 13113,30,28,27,0,1,0,,,,,,,,,,
ZCTA5 13114,"7,246","7,189","6,986",14,3,11,,,,,,,,,,
ZCTA5 13115,232,231,221,0,0,0,,,,,,,,,,
ZCTA5 13116,"3,653","3,349","3,165",74,0,30,,,,,,,,,,
ZCTA5 13117,307,307,275,1,1,17,,,,,,,,,,
ZCTA5 13118,"5,956","5,833","5,113",515,7,22,,,,,,,,,,
ZCTA5 13119,0,0,0,0,0,0,,,,,,,,,,
ZCTA5 13120,"1,935","1,928","1,664",88,121,0,,,,,,,,,,
ZCTA5 13121,0,0,0,0,0,0,,,,,,,,,,
ZCTA5 13122,"1,202","1,154","1,119",8,0,0,,,,,,,,,,
ZCTA5 13123,0,0,0,0,0,0,,,,,,,,,,
ZCTA5 13124,144,144,141,0,0,0,,,,,,,,,,
ZCTA5 13126,"35,339","33,853","31,420",828,42,532,,,,,,,,,,
ZCTA5 13131,"3,058","3,027","2,841",31,1,45,,,,,,,,,,
ZCTA5 13132,"3,427","3,362","3,209",20,0,8,,,,,,,,,,
ZCTA5 13134,141,141,64,0,0,0,,,,,,,,,,
ZCTA5 13135,"6,012","5,881","5,544",116,4,56,,,,,,,,,,
ZCTA5 13136,355,355,355,0,0,0,,,,,,,,,,
ZCTA5 13138,133,133,133,0,0,0,,,,,,,,,,
ZCTA5 13140,"4,217","4,104","3,980",6,0,0,,,,,,,,,,
ZCTA5 13141,686,686,674,0,0,0,,,,,,,,,,
ZCTA5 13142,"6,280","6,250","5,929",22,1,0,,,,,,,,,,
ZCTA5 13143,"2,593","2,571","2,374",55,0,24,,,,,,,,,,
ZCTA5 13144,"1,446","1,421","1,365",7,4,0,,,,,,,,,,
ZCTA5 13145,"1,426","1,426","1,391",0,0,0,,,,,,,,,,
ZCTA5 13146,"2,425","2,325","2,129",21,5,8,,,,,,,,,,
ZCTA5 13147,922,871,838,28,0,0,,,,,,,,,,
ZCTA5 13148,"10,581","10,330","9,632",307,43,88,,,,,,,,,,
ZCTA5 13152,"7,856","7,693","7,571",15,0,20,,,,,,,,,,
ZCTA5 13153,344,344,344,0,0,0,,,,,,,,,,
ZCTA5 13154,32,32,32,0,0,0,,,,,,,,,,
ZCTA5 13155,566,551,539,0,0,0,,,,,,,,,,
ZCTA5 13156,"1,963","1,963","1,854",11,1,0,,,,,,,,,,
ZCTA5 13157,439,439,432,0,7,0,,,,,,,,,,
ZCTA5 13158,"1,349","1,299","1,151",144,0,4,,,,,,,,,,
ZCTA5 13159,"5,419","5,301","5,114",46,12,16,,,,,,,,,,
ZCTA5 13160,"2,382","2,270","2,173",22,0,8,,,,,,,,,,
ZCTA5 13162,376,376,376,0,0,0,,,,,,,,,,
ZCTA5 13163,370,364,345,18,1,0,,,,,,,,,,
ZCTA5 13164,"2,418","2,390","2,311",0,0,0,,,,,,,,,,
ZCTA5 13165,"9,783","9,431","9,055",88,38,67,,,,,,,,,,
ZCTA5 13166,"5,482","5,428","5,289",22,2,9,,,,,,,,,,
ZCTA5 13167,"2,985","2,985","2,887",0,0,16,,,,,,,,,,
ZCTA5 13202,"7,391","6,225","2,134","3,367",89,419,,,,,,,,,,
ZCTA5 13203,"17,111","15,630","9,497","3,479",261,"1,423",,,,,,,,,,
ZCTA5 13204,"20,094","16,771","9,095","6,080",309,249,,,,,,,,,,
ZCTA5 13205,"17,747","16,668","6,283","8,190",196,634,,,,,,,,,,
ZCTA5 13206,"17,132","15,952","11,838","2,223",116,457,,,,,,,,,,
ZCTA5 13207,"12,888","11,467","6,087","4,428",132,171,,,,,,,,,,
ZCTA5 13208,"23,177","22,041","11,575","5,484",17,"3,393",,,,,,,,,,
ZCTA5 13209,"13,016","12,704","11,611",422,32,100,,,,,,,,,,
ZCTA5 13210,"19,606","17,899","11,217","3,982",88,"1,633",,,,,,,,,,
ZCTA5 13211,"6,274","5,789","4,890",109,15,416,,,,,,,,,,
ZCTA5 13212,"20,829","20,160","18,987",445,7,167,,,,,,,,,,
ZCTA5 13214,"8,782","8,109","5,799","1,442",24,303,,,,,,,,,,
ZCTA5 13215,"14,497","13,975","12,221",845,43,203,,,,,,,,,,
ZCTA5 13219,"15,725","14,968","14,041",376,17,169,,,,,,,,,,
ZCTA5 13224,"8,672","7,767","4,054","2,734",58,541,,,,,,,,,,
ZCTA5 13244,"8,165","7,427","4,714",668,4,"1,790",,,,,,,,,,
ZCTA5 13290,0,0,0,0,0,0,,,,,,,,,,
ZCTA5 13301,181,181,181,0,0,0,,,,,,,,,,
ZCTA5 13302,"1,416","1,397","1,369",0,5,1,,,,,,,,,,
ZCTA5 13303,"1,407","1,384","1,376",0,0,0,,,,,,,,,,
ZCTA5 13304,"1,806","1,788","1,759",6,0,14,,,,,,,,,,
ZCTA5 13305,184,184,184,0,0,0,,,,,,,,,,
ZCTA5 13308,"4,738","4,647","4,508",27,13,7,,,,,,,,,,
ZCTA5 13309,"5,655","5,642","5,446",65,8,25,,,,,,,,,,
ZCTA5 13310,698,698,698,0,0,0,,,,,,,,,,
ZCTA5 13312,318,318,318,0,0,0,,,,,,,,,,
ZCTA5 13313,566,504,491,0,0,0,,,,,,,,,,
ZCTA5 13314,72,72,72,0,0,0,,,,,,,,,,
ZCTA5 13315,"1,415","1,408","1,372",4,0,22,,,,,,,,,,
ZCTA5 13316,"6,075","6,031","5,949",17,5,7,,,,,,,,,,
ZCTA5 13317,"4,025","3,975","3,788",13,49,21,,,,,,,,,,
ZCTA5 13318,"1,108","1,108","1,094",0,0,0,,,,,,,,,,
ZCTA5 13319,652,652,652,0,0,0,,,,,,,,,,
ZCTA5 13320,"2,065","2,031","2,000",4,0,0,,,,,,,,,,
ZCTA5 13321,712,679,663,0,0,16,,,,,,,,,,
ZCTA5 13322,"1,151","1,141","1,117",11,0,0,,,,,,,,,,
ZCTA5 13323,"11,638","11,143","10,678",108,60,147,,,,,,,,,,
ZCTA5 13324,"2,104","2,099","2,012",7,23,3,,,,,,,,,,
ZCTA5 13325,"1,078","1,067","1,043",0,0,0,,,,,,,,,,
ZCTA5 13326,"5,048","4,856","4,373",116,0,126,,,,,,,,,,
ZCTA5 13327,"2,106","2,097","2,093",0,0,0,,,,,,,,,,
ZCTA5 13328,"1,592","1,524","1,410",12,0,27,,,,,,,,,,
ZCTA5 13329,"3,930","3,669","3,533",0,0,23,,,,,,,,,,
ZCTA5 13331,73,73,73,0,0,0,,,,,,,,,,
ZCTA5 13332,"2,681","2,660","2,448",74,0,22,,,,,,,,,,
ZCTA5 13333,72,70,67,0,0,0,,,,,,,,,,
ZCTA5 13334,945,945,945,0,0,0,,,,,,,,,,
ZCTA5 13335,"1,258","1,200","1,143",5,0,13,,,,,,,,,,
ZCTA5 13337,643,635,619,0,0,6,,,,,,,,,,
ZCTA5 13338,"1,305","1,305","1,268",8,17,0,,,,,,,,,,
ZCTA5 13339,"6,281","5,873","5,647",34,12,3,,,,,,,,,,
ZCTA5 13340,"7,651","7,565","7,148",161,0,13,,,,,,,,,,
ZCTA5 13342,271,210,210,0,0,0,,,,,,,,,,
ZCTA5 13343,"1,561","1,557","1,526",0,1,4,,,,,,,,,,
ZCTA5 13345,141,141,130,11,0,0,,,,,,,,,,
ZCTA5 13346,"6,273","5,903","5,165",266,0,318,,,,,,,,,,
ZCTA5 13348,"1,509","1,498","1,438",5,0,2,,,,,,,,,,
ZCTA5 13350,"9,748","9,601","8,902",199,34,117,,,,,,,,,,
ZCTA5 13352,22,22,19,0,0,0,,,,,,,,,,
ZCTA5 13353,25,25,20,0,1,0,,,,,,,,,,
ZCTA5 13354,"3,412","3,379","3,343",6,0,0,,,,,,,,,,
ZCTA5 13355,"1,095","1,095","1,084",0,0,0,,,,,,,,,,
ZCTA5 13357,"10,354","10,080","9,693",166,0,47,,,,,,,,,,
ZCTA5 13360,158,158,158,0,0,0,,,,,,,,,,
ZCTA5 13361,704,669,654,5,0,0,,,,,,,,,,
ZCTA5 13363,"2,329","2,280","2,222",18,0,0,,,,,,,,,,
ZCTA5 13364,241,241,209,0,0,0,,,,,,,,,,
ZCTA5 13365,"8,204","7,877","7,687",15,4,9,,,,,,,,,,
ZCTA5 13367,"8,889","8,519","8,187",154,37,33,,,,,,,,,,
ZCTA5 13368,"1,196","1,196","1,146",9,0,0,,,,,,,,,,
ZCTA5 13402,"1,181","1,174","1,155",5,0,12,,,,,,,,,,
ZCTA5 13403,"7,110","6,573","5,684",777,28,25,,,,,,,,,,
ZCTA5 13404,117,117,117,0,0,0,,,,,,,,,,
ZCTA5 13406,418,418,417,0,0,0,,,,,,,,,,
ZCTA5 13407,"5,163","5,057","4,672",66,0,98,,,,,,,,,,
ZCTA5 13408,"3,423","3,285","2,883",167,0,149,,,,,,,,,,
ZCTA5 13409,"2,106","2,084","1,998",36,11,0,,,,,,,,,,
ZCTA5 13410,521,495,429,0,0,3,,,,,,,,,,
ZCTA5 13411,"2,827","2,716","2,640",0,3,10,,,,,,,,,,
ZCTA5 13413,"16,169","15,704","14,396",164,33,709,,,,,,,,,,
ZCTA5 13415,64,64,64,0,0,0,,,,,,,,,,
ZCTA5 13416,"2,299","2,280","2,256",9,0,0,,,,,,,,,,
ZCTA5 13417,"3,293","3,254","3,073",29,0,85,,,,,,,,,,
ZCTA5 13418,196,196,196,0,0,0,,,,,,,,,,
ZCTA5 13420,"1,083","1,025",995,30,0,0,,,,,,,,,,
ZCTA5 13421,"12,899","12,573","11,892",106,61,97,,,,,,,,,,
ZCTA5 13424,"2,383","2,249","1,978",127,0,126,,,,,,,,,,
ZCTA5 13425,"2,035","2,017","1,927",44,0,20,,,,,,,,,,
ZCTA5 13428,"1,369","1,363","1,334",9,0,1,,,,,,,,,,
ZCTA5 13431,"1,769","1,756","1,728",5,1,9,,,,,,,,,,
ZCTA5 13433,"1,557","1,534","1,513",10,0,1,,,,,,,,,,
ZCTA5 13435,354,354,298,48,0,0,,,,,,,,,,
ZCTA5 13436,63,60,52,8,0,0,,,,,,,,,,
ZCTA5 13437,297,297,281,0,0,0,,,,,,,,,,
ZCTA5 13438,"2,951","2,938","2,908",13,0,2,,,,,,,,,,
ZCTA5 13439,"3,777","3,694","3,639",23,1,6,,,,,,,,,,
ZCTA5 13440,"41,215","38,426","34,641","1,913",27,483,,,,,,,,,,
ZCTA5 13441,160,120,80,40,0,0,,,,,,,,,,
ZCTA5 13450,286,286,286,0,0,0,,,,,,,,,,
ZCTA5 13452,"4,881","4,737","4,513",42,1,24,,,,,,,,,,
ZCTA5 13454,820,810,737,0,0,0,,,,,,,,,,
ZCTA5 13455,55,55,55,0,0,0,,,,,,,,,,
ZCTA5 13456,"3,904","3,807","3,700",12,0,77,,,,,,,,,,
ZCTA5 13457,36,36,36,0,0,0,,,,,,,,,,
ZCTA5 13459,"2,022","1,963","1,916",2,2,20,,,,,,,,,,
ZCTA5 13460,"4,256","4,214","4,081",9,4,38,,,,,,,,,,
ZCTA5 13461,"3,194","3,059","2,949",28,6,45,,,,,,,,,,
ZCTA5 13464,"1,324","1,317","1,298",2,0,0,,,,,,,,,,
ZCTA5 13468,358,340,340,0,0,0,,,,,,,,,,
ZCTA5 13469,"1,234","1,234","1,159",0,0,75,,,,,,,,,,
ZCTA5 13470,712,689,666,13,0,2,,,,,,,,,,
ZCTA5 13471,"2,607","2,597","2,532",8,0,4,,,,,,,,,,
ZCTA5 13472,169,169,169,0,0,0,,,,,,,,,,
ZCTA5 13473,"1,183","1,167","1,077",7,0,0,,,,,,,,,,
ZCTA5 13475,42,42,42,0,0,0,,,,,,,,,,
ZCTA5 13476,"3,271","3,208","3,134",52,0,9,,,,,,,,,,
ZCTA5 13477,"1,218","1,151","1,127",0,0,0,,,,,,,,,,
ZCTA5 13478,"3,220","3,168","3,147",0,0,21,,,,,,,,,,
ZCTA5 13480,"3,169","3,146","3,016",5,0,28,,,,,,,,,,
ZCTA5 13482,56,56,56,0,0,0,,,,,,,,,,
ZCTA5 13483,525,506,499,7,0,0,,,,,,,,,,
ZCTA5 13484,0,0,0,0,0,0,,,,,,,,,,
ZCTA5 13485,"1,488","1,488","1,478",8,0,1,,,,,,,,,,
ZCTA5 13486,668,668,655,0,0,0,,,,,,,,,,
ZCTA5 13488,106,106,106,0,0,0,,,,,,,,,,
ZCTA5 13489,495,491,487,0,0,0,,,,,,,,,,
ZCTA5 13490,"1,049",999,999,0,0,0,,,,,,,,,,
ZCTA5 13491,"3,584","3,509","3,454",0,0,12,,,,,,,,,,
ZCTA5 13492,"11,155","10,746","10,271",251,9,192,,,,,,,,,,
ZCTA5 13493,"2,278","2,257","2,181",0,7,6,,,,,,,,,,
ZCTA5 13494,226,226,225,0,0,1,,,,,,,,,,
ZCTA5 13495,"2,123","2,102","1,920",23,0,16,,,,,,,,,,
ZCTA5 13501,"40,307","34,757","21,465","5,335",148,"5,852",,,,,,,,,,
ZCTA5 13502,"33,986","30,976","23,921","4,164",76,"1,384",,,,,,,,,,
ZCTA5 13601,"38,695","36,404","31,787","2,415",23,721,,,,,,,,,,
ZCTA5 13602,"3,765","3,149","1,815",733,56,256,,,,,,,,,,
ZCTA5 13603,"12,753","9,537","7,013","1,388",0,275,,,,,,,,,,
ZCTA5 13605,"5,161","4,991","4,654",56,14,12,,,,,,,,,,
ZCTA5 13606,"2,618","2,618","2,588",4,2,0,,,,,,,,,,
ZCTA5 13607,"1,594","1,585","1,525",23,16,9,,,,,,,,,,
ZCTA5 13608,"1,726","1,658","1,600",1,2,0,,,,,,,,,,
ZCTA5 13611,348,330,330,0,0,0,,,,,,,,,,
ZCTA5 13612,"2,510","2,477","2,282",0,0,138,,,,,,,,,,
ZCTA5 13613,"2,595","2,578","2,531",4,12,0,,,,,,,,,,
ZCTA5 13614,336,336,321,0,0,0,,,,,,,,,,
ZCTA5 13615,693,677,665,3,0,0,,,,,,,,,,
ZCTA5 13616,"2,265","2,103","1,645",166,0,121,,,,,,,,,,
ZCTA5 13617,"11,912","11,491","10,508",517,14,251,,,,,,,,,,
ZCTA5 13618,"1,467","1,430","1,382",0,2,16,,,,,,,,,,
ZCTA5 13619,"10,650","10,129","9,042",261,6,118,,,,,,,,,,
ZCTA5 13620,"2,154","2,147","2,091",16,0,17,,,,,,,,,,
ZCTA5 13621,501,501,500,1,0,0,,,,,,,,,,
ZCTA5 13622,"1,895","1,841","1,725",64,6,7,,,,,,,,,,
ZCTA5 13623,45,45,45,0,0,0,,,,,,,,,,
ZCTA5 13624,"5,330","4,992","4,449",362,3,14,,,,,,,,,,
ZCTA5 13625,"1,669","1,645","1,621",1,0,0,,,,,,,,,,
ZCTA5 13626,"2,320","2,184","2,087",13,1,17,,,,,,,,,,
ZCTA5 13628,224,224,224,0,0,0,,,,,,,,,,
ZCTA5 13630,"1,470","1,464","1,401",5,26,0,,,,,,,,,,
ZCTA5 13632,148,148,148,0,0,0,,,,,,,,,,
ZCTA5 13633,262,260,254,0,0,0,,,,,,,,,,
ZCTA5 13634,"3,913","3,820","3,701",35,0,0,,,,,,,,,,
ZCTA5 13635,"1,082","1,081","1,059",1,6,0,,,,,,,,,,
ZCTA5 13636,177,177,167,1,0,2,,,,,,,,,,
ZCTA5 13637,"4,342","3,467","2,624",645,6,17,,,,,,,,,,
ZCTA5 13638,415,391,391,0,0,0,,,,,,,,,,
ZCTA5 13639,53,51,51,0,0,0,,,,,,,,,,
ZCTA5 13640,233,233,229,0,0,0,,,,,,,,,,
ZCTA5 13641,50,50,50,0,0,0,,,,,,,,,,
ZCTA5 13642,"9,566","9,085","8,240",533,44,6,,,,,,,,,,
ZCTA5 13643,55,55,55,0,0,0,,,,,,,,,,
ZCTA5 13645,0,0,0,0,0,0,,,,,,,,,,
ZCTA5 13646,"2,145","2,127","2,064",1,2,9,,,,,,,,,,
ZCTA5 13647,160,153,153,0,0,0,,,,,,,,,,
ZCTA5 13648,"2,031","2,018","1,968",1,10,1,,,,,,,,,,
ZCTA5 13649,9,9,9,0,0,0,,,,,,,,,,
ZCTA5 13650,"1,479","1,456","1,327",4,0,23,,,,,,,,,,
ZCTA5 13651,150,150,150,0,0,0,,,,,,,,,,
ZCTA5 13652,"1,778","1,775","1,678",0,0,3,,,,,,,,,,
ZCTA5 13654,"2,646","2,643","2,608",4,0,2,,,,,,,,,,
ZCTA5 13655,"3,512","3,509",321,6,"2,676",177,,,,,,,,,,
ZCTA5 13656,"3,307","3,277","3,067",158,8,0,,,,,,,,,,
ZCTA5 13658,"2,696","2,652","2,638",0,2,0,,,,,,,,,,
ZCTA5 13659,360,348,346,0,0,0,,,,,,,,,,
ZCTA5 13660,"1,835","1,809","1,784",4,1,6,,,,,,,,,,
ZCTA5 13661,"1,809","1,749","1,680",11,0,30,,,,,,,,,,
ZCTA5 13662,"16,383","16,205","15,584",40,71,129,,,,,,,,,,
ZCTA5 13664,438,398,367,26,0,2,,,,,,,,,,
ZCTA5 13665,835,835,820,15,0,0,,,,,,,,,,
ZCTA5 13666,227,225,174,4,0,0,,,,,,,,,,
ZCTA5 13667,"3,101","3,053","2,945",27,57,0,,,,,,,,,,
ZCTA5 13668,"3,267","3,252","3,110",38,16,37,,,,,,,,,,
ZCTA5 13669,"15,210","14,825","13,344",948,108,115,,,,,,,,,,
ZCTA5 13670,420,420,408,0,3,4,,,,,,,,,,
ZCTA5 13672,479,473,460,0,3,0,,,,,,,,,,
ZCTA5 13673,"2,255","2,158","1,883",126,17,23,,,,,,,,,,
ZCTA5 13674,51,51,51,0,0,0,,,,,,,,,,
ZCTA5 13675,41,41,37,0,0,0,,,,,,,,,,
ZCTA5 13676,"14,038","13,575","12,529",415,28,321,,,,,,,,,,
ZCTA5 13678,97,97,97,0,0,0,,,,,,,,,,
ZCTA5 13679,"1,245","1,233","1,193",0,3,17,,,,,,,,,,
ZCTA5 13680,"1,324","1,313","1,303",5,0,4,,,,,,,,,,
ZCTA5 13681,"1,111","1,094","1,070",1,0,0,,,,,,,,,,
ZCTA5 13682,792,792,766,0,0,2,,,,,,,,,,
ZCTA5 13683,0,0,0,0,0,0,,,,,,,,,,
ZCTA5 13684,"1,034","1,033","1,010",10,5,2,,,,,,,,,,
ZCTA5 13685,"2,165","2,067","1,995",2,0,10,,,,,,,,,,
ZCTA5 13687,540,540,536,0,4,0,,,,,,,,,,
ZCTA5 13690,726,700,635,15,1,3,,,,,,,,,,
ZCTA5 13691,"3,103","2,991","2,682",13,16,3,,,,,,,,,,
ZCTA5 13692,212,212,212,0,0,0,,,,,,,,,,
ZCTA5 13693,337,337,331,0,0,6,,,,,,,,,,
ZCTA5 13694,"1,357","1,265","1,257",0,3,0,,,,,,,,,,
ZCTA5 13695,189,177,177,0,0,0,,,,,,,,,,
ZCTA5 13696,213,213,213,0,0,0,,,,,,,,,,
ZCTA5 13697,"1,727","1,727","1,665",0,3,22,,,,,,,,,,
ZCTA5 13699,"2,043","1,898","1,450",172,0,163,,,,,,,,,,
ZCTA5 13730,"2,872","2,848","2,717",15,2,55,,,,,,,,,,
ZCTA5 13731,977,958,881,0,1,6,,,,,,,,,,
ZCTA5 13732,"7,591","7,439","7,128",56,0,96,,,,,,,,,,
ZCTA5 13733,"4,973","4,752","4,566",40,0,0,,,,,,,,,,
ZCTA5 13734,"2,317","2,263","2,226",0,0,1,,,,,,,,,,
ZCTA5 13736,"1,966","1,959","1,937",0,0,0,,,,,,,,,,
ZCTA5 13738,44,44,44,0,0,0,,,,,,,,,,
ZCTA5 13739,721,712,686,0,0,21,,,,,,,,,,
ZCTA5 13740,495,469,427,10,5,19,,,,,,,,,,
ZCTA5 13743,"3,645","3,637","3,595",0,0,0,,,,,,,,,,
ZCTA5 13744,"1,393","1,383","1,369",1,0,0,,,,,,,,,,
ZCTA5 13746,"1,919","1,883","1,754",15,1,18,,,,,,,,,,
ZCTA5 13747,22,22,22,0,0,0,,,,,,,,,,
ZCTA5 13748,"3,511","3,095","3,059",0,0,0,,,,,,,,,,
ZCTA5 13750,807,807,772,21,0,0,,,,,,,,,,
ZCTA5 13751,101,101,101,0,0,0,,,,,,,,,,
ZCTA5 13752,953,886,871,15,0,0,,,,,,,,,,
ZCTA5 13753,"5,848","5,473","5,062",175,1,117,,,,,,,,,,
ZCTA5 13754,"2,777","2,739","2,635",19,3,16,,,,,,,,,,
ZCTA5 13755,876,870,863,0,0,0,,,,,,,,,,
ZCTA5 13756,431,419,419,0,0,0,,,,,,,,,,
ZCTA5 13757,"1,526","1,505","1,500",0,0,0,,,,,,,,,,
ZCTA5 13760,"43,779","42,255","37,987","1,827",58,888,,,,,,,,,,
ZCTA5 13774,280,280,260,0,0,0,,,,,,,,,,
ZCTA5 13775,"1,731","1,701","1,680",6,0,0,,,,,,,,,,
ZCTA5 13776,457,453,427,0,0,10,,,,,,,,,,
ZCTA5 13777,398,398,398,0,0,0,,,,,,,,,,
ZCTA5 13778,"5,492","5,353","5,156",25,0,17,,,,,,,,,,
ZCTA5 13780,889,889,889,0,0,0,,,,,,,,,,
ZCTA5 13782,716,703,673,4,0,26,,,,,,,,,,
ZCTA5 13783,"2,513","2,438","2,298",81,0,3,,,,,,,,,,
ZCTA5 13784,240,223,223,0,0,0,,,,,,,,,,
ZCTA5 13786,382,382,331,5,0,18,,,,,,,,,,
ZCTA5 13787,"3,294","3,294","3,179",2,23,16,,,,,,,,,,
ZCTA5 13788,"1,002",996,917,18,0,15,,,,,,,,,,
ZCTA5 13790,"18,663","17,638","15,181",863,20,988,,,,,,,,,,
ZCTA5 13795,"3,106","2,842","2,565",91,0,118,,,,,,,,,,
ZCTA5 13796,"1,023","1,003",963,19,1,0,,,,,,,,,,
ZCTA5 13797,"2,058","2,058","1,982",4,0,0,,,,,,,,,,
ZCTA5 13801,"1,362","1,322","1,281",6,0,16,,,,,,,,,,
ZCTA5 13802,"1,038",968,968,0,0,0,,,,,,,,,,
ZCTA5 13803,"4,379","4,318","4,227",11,2,9,,,,,,,,,,
ZCTA5 13804,237,237,229,0,0,0,,,,,,,,,,
ZCTA5 13806,197,197,142,0,0,22,,,,,,,,,,
ZCTA5 13807,"1,155","1,150","1,078",57,0,7,,,,,,,,,,
ZCTA5 13808,"1,316","1,277","1,261",2,3,0,,,,,,,,,,
ZCTA5 13809,"1,903","1,894","1,832",0,0,0,,,,,,,,,,
ZCTA5 13810,"1,377","1,301","1,280",0,0,9,,,,,,,,,,
ZCTA5 13811,"3,955","3,913","3,690",18,62,65,,,,,,,,,,
ZCTA5 13812,"2,329","2,320","2,287",0,0,0,,,,,,,,,,
ZCTA5 13813,"1,038","1,038","1,033",5,0,0,,,,,,,,,,
ZCTA5 13814,10,10,10,0,0,0,,,,,,,,,,
ZCTA5 13815,"13,074","12,753","12,072",143,9,92,,,,,,,,,,
ZCTA5 13820,"21,242","19,813","17,897",765,7,490,,,,,,,,,,
ZCTA5 13825,"2,754","2,724","2,564",18,0,67,,,,,,,,,,
ZCTA5 13826,238,217,213,0,0,0,,,,,,,,,,
ZCTA5 13827,"11,462","11,192","10,775",88,8,171,,,,,,,,,,
ZCTA5 13830,"5,005","4,902","4,776",26,0,10,,,,,,,,,,
ZCTA5 13832,401,398,398,0,0,0,,,,,,,,,,
ZCTA5 13833,"4,334","4,294","4,093",0,0,48,,,,,,,,,,
ZCTA5 13834,232,232,232,0,0,0,,,,,,,,,,
ZCTA5 13835,"1,249","1,247","1,220",0,2,6,,,,,,,,,,
ZCTA5 13838,"3,933","3,904","3,673",80,0,14,,,,,,,,,,
ZCTA5 13839,"1,342","1,296","1,239",0,0,0,,,,,,,,,,
ZCTA5 13841,559,559,512,14,0,17,,,,,,,,,,
ZCTA5 13842,641,606,499,52,11,8,,,,,,,,,,
ZCTA5 13843,"2,067","2,030","1,974",0,0,0,,,,,,,,,,
ZCTA5 13844,637,635,622,0,0,0,,,,,,,,,,
ZCTA5 13846,481,481,474,1,0,6,,,,,,,,,,
ZCTA5 13847,16,16,16,0,0,0,,,,,,,,,,
ZCTA5 13849,"4,603","4,510","4,361",13,6,35,,,,,,,,,,
ZCTA5 13850,"22,847","22,250","18,276",493,0,"2,939",,,,,,,,,,
ZCTA5 13856,"5,993","5,883","5,648",121,0,32,,,,,,,,,,
ZCTA5 13859,115,115,106,0,0,0,,,,,,,,,,
ZCTA5 13860,140,140,140,0,0,0,,,,,,,,,,
ZCTA5 13861,492,492,428,0,56,0,,,,,,,,,,
ZCTA5 13862,"3,805","3,713","3,581",45,0,8,,,,,,,,,,
ZCTA5 13863,495,483,467,2,0,13,,,,,,,,,,
ZCTA5 13864,"1,089",881,803,57,0,0,,,,,,,,,,
ZCTA5 13865,"5,792","5,702","5,620",48,0,0,,,,,,,,,,
ZCTA5 13901,"19,983","18,713","16,238",974,51,318,,,,,,,,,,
ZCTA5 13902,"6,349","5,983","4,791",163,0,972,,,,,,,,,,
ZCTA5 13903,"19,225","18,444","15,465","1,877",18,191,,,,,,,,,,
ZCTA5 13904,"9,448","9,091","7,492","1,015",0,305,,,,,,,,,,
ZCTA5 13905,"27,362","25,267","19,314","2,443",44,"2,301",,,,,,,,,,
ZCTA5 14001,"9,722","9,553","9,140",74,44,36,,,,,,,,,,
ZCTA5 14004,"11,946","11,730","10,582",976,60,82,,,,,,,,,,
ZCTA5 14005,"2,154","2,039","1,982",2,1,0,,,,,,,,,,
ZCTA5 14006,"9,345","9,196","8,761",178,51,59,,,,,,,,,,
ZCTA5 14008,"1,680","1,592","1,425",40,0,0,,,,,,,,,,
ZCTA5 14009,"5,668","5,503","5,297",2,0,130,,,,,,,,,,
ZCTA5 14011,"7,844","7,254","5,755","1,196",34,74,,,,,,,,,,
ZCTA5 14012,"2,756","2,698","2,369",180,76,35,,,,,,,,,,
ZCTA5 14013,"1,702","1,682","1,227",16,251,21,,,,,,,,,,
ZCTA5 14020,"22,286","21,247","19,272",848,14,202,,,,,,,,,,
ZCTA5 14024,"1,592","1,590","1,481",62,0,13,,,,,,,,,,
ZCTA5 14025,"3,901","3,859","3,647",8,0,58,,,,,,,,,,
ZCTA5 14026,498,476,476,0,0,0,,,,,,,,,,
ZCTA5 14027,70,70,66,0,0,0,,,,,,,,,,
ZCTA5 14028,"1,380","1,366","1,356",3,7,0,,,,,,,,,,
ZCTA5 14029,84,84,84,0,0,0,,,,,,,,,,
ZCTA5 14030,"1,868","1,832","1,792",4,25,0,,,,,,,,,,
ZCTA5 14031,"9,626","9,382","8,815",30,0,45,,,,,,,,,,
ZCTA5 14032,"10,734","10,544","10,265",24,0,31,,,,,,,,,,
ZCTA5 14033,"1,539","1,439","1,434",0,0,0,,,,,,,,,,
ZCTA5 14034,"2,768","2,611","2,071",436,24,26,,,,,,,,,,
ZCTA5 14035,90,90,90,0,0,0,,,,,,,,,,
ZCTA5 14036,"5,441","5,389","5,257",68,0,0,,,,,,,,,,
ZCTA5 14037,"1,022","1,022",924,0,0,0,,,,,,,,,,
ZCTA5 14039,66,66,59,0,0,0,,,,,,,,,,
ZCTA5 14040,"1,800","1,800","1,800",0,0,0,,,,,,,,,,
ZCTA5 14041,174,171,163,0,0,2,,,,,,,,,,
ZCTA5 14042,"4,424","4,327","4,195",2,0,42,,,,,,,,,,
ZCTA5 14043,"25,644","24,979","23,700",826,8,132,,,,,,,,,,
ZCTA5 14047,"6,260","6,085","5,940",40,0,0,,,,,,,,,,
ZCTA5 14048,"14,928","11,141","9,756",880,40,40,,,,,,,,,,
ZCTA5 14051,"19,498","19,010","16,221",612,11,"1,911",,,,,,,,,,
ZCTA5 14052,"18,053","17,685","17,315",64,0,96,,,,,,,,,,
ZCTA5 14054,"1,383","1,234","1,176",10,2,0,,,,,,,,,,
ZCTA5 14055,"1,319","1,314","1,309",0,0,0,,,,,,,,,,
ZCTA5 14056,216,216,216,0,0,0,,,,,,,,,,
ZCTA5 14057,"7,873","7,683","7,460",22,4,72,,,,,,,,,,
ZCTA5 14058,"2,214","2,028","1,934",21,0,0,,,,,,,,,,
ZCTA5 14059,"9,553","9,517","9,393",0,29,52,,,,,,,,,,
ZCTA5 14060,358,358,322,0,5,0,,,,,,,,,,
ZCTA5 14061,69,69,69,0,0,0,,,,,,,,,,
ZCTA5 14062,"3,460","3,344","3,218",0,4,29,,,,,,,,,,
ZCTA5 14063,"13,453","12,391","11,091",479,40,320,,,,,,,,,,
ZCTA5 14065,"1,674","1,661","1,617",0,1,2,,,,,,,,,,
ZCTA5 14066,"1,186","1,184","1,174",0,5,0,,,,,,,,,,
ZCTA5 14067,"4,387","4,336","4,111",167,6,0,,,,,,,,,,
ZCTA5 14068,"7,528","7,393","6,222",299,0,441,,,,,,,,,,
ZCTA5 14069,604,603,557,1,8,0,,,,,,,,,,
ZCTA5 14070,"6,090","5,798","5,077",39,451,19,,,,,,,,,,
ZCTA5 14072,"21,340","20,704","19,159",468,13,436,,,,,,,,,,
ZCTA5 14075,"44,452","43,602","42,189",463,71,224,,,,,,,,,,
ZCTA5 14080,"4,107","4,088","3,947",29,0,0,,,,,,,,,,
ZCTA5 14081,"2,961","2,915","1,859",28,697,44,,,,,,,,,,
ZCTA5 14082,657,657,656,0,1,0,,,,,,,,,,
ZCTA5 14083,14,14,14,0,0,0,,,,,,,,,,
ZCTA5 14085,"7,607","7,541","7,144",36,0,72,,,,,,,,,,
ZCTA5 14086,"34,961","34,343","33,440",429,16,207,,,,,,,,,,
ZCTA5 14091,"1,526","1,413",865,26,349,5,,,,,,,,,,
ZCTA5 14092,"10,744","10,504","9,732",97,204,137,,,,,,,,,,
ZCTA5 14094,"50,403","48,735","43,124","2,601",192,436,,,,,,,,,,
ZCTA5 14098,"3,092","2,991","2,911",4,32,0,,,,,,,,,,
ZCTA5 14101,"1,807","1,735","1,588",0,7,0,,,,,,,,,,
ZCTA5 14102,"1,421","1,379","1,323",0,32,0,,,,,,,,,,
ZCTA5 14103,"10,641","9,988","8,897",547,46,142,,,,,,,,,,
ZCTA5 14105,"4,740","4,590","4,454",57,16,4,,,,,,,,,,
ZCTA5 14108,"5,665","5,640","5,425",17,48,6,,,,,,,,,,
ZCTA5 14109,"1,109","1,002",802,72,16,54,,,,,,,,,,
ZCTA5 14111,"3,191","3,186","3,106",18,0,4,,,,,,,,,,
ZCTA5 14112,75,75,75,0,0,0,,,,,,,,,,
ZCTA5 14113,694,684,684,0,0,0,,,,,,,,,,
ZCTA5 14120,"44,079","43,585","41,331",720,105,292,,,,,,,,,,
ZCTA5 14125,"3,593","3,482","3,342",35,9,7,,,,,,,,,,
ZCTA5 14126,614,605,605,0,0,0,,,,,,,,,,
ZCTA5 14127,"30,416","29,605","28,126",437,73,170,,,,,,,,,,
ZCTA5 14129,"1,235","1,199",939,4,141,5,,,,,,,,,,
ZCTA5 14130,117,117,113,4,0,0,,,,,,,,,,
ZCTA5 14131,"4,988","4,847","4,659",87,0,3,,,,,,,,,,
ZCTA5 14132,"6,930","6,819","6,234",2,275,174,,,,,,,,,,
ZCTA5 14134,73,66,66,0,0,0,,,,,,,,,,
ZCTA5 14135,122,122,122,0,0,0,,,,,,,,,,
ZCTA5 14136,"4,916","4,724","4,603",45,17,0,,,,,,,,,,
ZCTA5 14138,"1,932","1,787","1,762",11,0,0,,,,,,,,,,
ZCTA5 14139,"1,839","1,835","1,776",9,0,2,,,,,,,,,,
ZCTA5 14141,"7,705","7,644","7,518",32,16,30,,,,,,,,,,
ZCTA5 14143,"1,056","1,030",878,32,0,0,,,,,,,,,,
ZCTA5 14145,"1,268","1,210","1,190",0,20,0,,,,,,,,,,
ZCTA5 14150,"41,956","40,382","37,213","1,317",15,869,,,,,,,,,,
ZCTA5 14166,247,247,247,0,0,0,,,,,,,,,,
ZCTA5 14167,"1,815","1,815","1,711",27,0,0,,,,,,,,,,
ZCTA5 14168,113,113,113,0,0,0,,,,,,,,,,
ZCTA5 14169,80,80,80,0,0,0,,,,,,,,,,
ZCTA5 14170,"2,416","2,345","2,313",0,0,0,,,,,,,,,,
ZCTA5 14171,"1,840","1,783","1,623",15,15,0,,,,,,,,,,
ZCTA5 14172,"2,836","2,802","2,598",7,3,0,,,,,,,,,,
ZCTA5 14173,205,205,171,0,0,0,,,,,,,,,,
ZCTA5 14174,"5,798","5,648","5,498",9,40,69,,,,,,,,,,
ZCTA5 14201,"12,403","7,735","4,769","2,337",0,245,,,,,,,,,,
ZCTA5 14202,"3,909","3,251","2,148","1,021",16,55,,,,,,,,,,
ZCTA5 14203,"2,046","1,752",686,828,12,201,,,,,,,,,,
ZCTA5 14204,"8,043","6,910","1,653","5,031",7,16,,,,,,,,,,
ZCTA5 14206,"21,479","19,750","15,644","2,158",114,873,,,,,,,,,,
ZCTA5 14207,"25,661","20,186","11,336","3,399",97,"3,451",,,,,,,,,,
ZCTA5 14208,"11,029","10,745","1,505","8,285",14,604,,,,,,,,,,
ZCTA5 14209,"9,009","8,393","4,469","3,405",74,232,,,,,,,,,,
ZCTA5 14210,"15,342","14,017","11,975","1,182",49,95,,,,,,,,,,
ZCTA5 14211,"23,458","21,649","2,737","14,903",37,"3,157",,,,,,,,,,
ZCTA5 14212,"12,127","10,989","4,780","3,577",151,"2,019",,,,,,,,,,
ZCTA5 14213,"24,047","18,576","10,367","4,320",167,"2,907",,,,,,,,,,
ZCTA5 14214,"21,505","20,323","10,376","6,951",102,"1,978",,,,,,,,,,
ZCTA5 14215,"42,600","40,426","6,273","29,921",3,"1,983",,,,,,,,,,
ZCTA5 14216,"24,445","21,833","17,726","3,046",74,325,,,,,,,,,,
ZCTA5 14217,"22,839","21,894","19,483","1,295",113,172,,,,,,,,,,
ZCTA5 14218,"20,620","19,349","15,172","2,992",89,46,,,,,,,,,,
ZCTA5 14219,"11,009","10,514","10,075",65,25,0,,,,,,,,,,
ZCTA5 14220,"24,667","22,180","20,357",737,67,396,,,,,,,,,,
ZCTA5 14221,"54,836","53,416","46,440","1,349",27,"4,158",,,,,,,,,,
ZCTA5 14222,"16,081","14,801","11,800","1,797",35,620,,,,,,,,,,
ZCTA5 14223,"22,264","21,421","19,080","1,006",28,763,,,,,,,,,,
ZCTA5 14224,"40,968","39,666","38,397",618,37,129,,,,,,,,,,
ZCTA5 14225,"34,471","33,126","26,159","4,390",80,861,,,,,,,,,,
ZCTA5 14226,"29,818","28,134","22,142","2,483",186,"1,764",,,,,,,,,,
ZCTA5 14227,"20,990","20,250","18,325","1,465",28,295,,,,,,,,,,
ZCTA5 14228,"24,435","22,844","16,953","1,849",87,"3,495",,,,,,,,,,
ZCTA5 14260,814,716,445,107,8,129,,,,,,,,,,
ZCTA5 14261,"4,748","4,078","2,292",519,9,"1,079",,,,,,,,,,
ZCTA5 14301,"12,033","11,373","6,899","3,521",68,55,,,,,,,,,,
ZCTA5 14302,229,229,107,116,0,6,,,,,,,,,,
ZCTA5 14303,"6,466","5,651","3,505","1,091",124,306,,,,,,,,,,
ZCTA5 14304,"28,625","27,556","25,293",676,321,468,,,,,,,,,,
ZCTA5 14305,"16,873","15,762","9,988","4,588",165,158,,,,,,,,,,
ZCTA5 14411,"13,194","12,840","10,839","1,493",3,67,,,,,,,,,,
ZCTA5 14413,80,80,77,0,0,3,,,,,,,,,,
ZCTA5 14414,"6,774","6,644","6,339",37,15,116,,,,,,,,,,
ZCTA5 14415,142,142,142,0,0,0,,,,,,,,,,
ZCTA5 14416,"3,975","3,918","3,833",17,1,22,,,,,,,,,,
ZCTA5 14418,"1,118","1,118","1,060",2,0,55,,,,,,,,,,
ZCTA5 14420,"19,951","18,170","16,645",818,1,374,,,,,,,,,,
ZCTA5 14422,"1,921","1,880","1,766",21,0,14,,,,,,,,,,
ZCTA5 14423,"4,742","4,514","4,170",146,0,23,,,,,,,,,,
ZCTA5 14424,"28,458","27,003","25,875",394,35,135,,,,,,,,,,
ZCTA5 14425,"12,919","12,393","11,425",318,0,228,,,,,,,,,,
ZCTA5 14427,"1,766","1,738","1,637",0,8,0,,,,,,,,,,
ZCTA5 14428,"7,195","7,007","6,763",71,6,51,,,,,,,,,,
ZCTA5 14432,"5,156","4,896","4,771",23,0,4,,,,,,,,,,
ZCTA5 14433,"3,948","3,887","3,751",87,0,0,,,,,,,,,,
ZCTA5 14435,"2,220","2,220","2,133",8,0,0,,,,,,,,,,
ZCTA5 14437,"9,014","8,737","8,543",87,1,14,,,,,,,,,,
ZCTA5 14441,302,287,286,0,0,1,,,,,,,,,,
ZCTA5 14445,"7,654","7,142","6,570",200,35,66,,,,,,,,,,
ZCTA5 14450,"43,264","41,524","38,614",692,35,"1,088",,,,,,,,,,
ZCTA5 14453,0,0,0,0,0,0,,,,,,,,,,
ZCTA5 14454,"11,349","10,823","9,967",339,0,263,,,,,,,,,,
ZCTA5 14456,"19,210","17,170","14,787","1,049",38,631,,,,,,,,,,
ZCTA5 14462,845,829,778,0,0,0,,,,,,,,,,
ZCTA5 14463,287,287,282,0,5,0,,,,,,,,,,
ZCTA5 14464,"7,087","7,019","6,846",32,0,4,,,,,,,,,,
ZCTA5 14466,"1,476","1,448","1,442",0,0,0,,,,,,,,,,
ZCTA5 14467,"10,589","10,159","8,158",841,2,747,,,,,,,,,,
ZCTA5 14468,"18,154","17,190","16,678",303,24,20,,,,,,,,,,
ZCTA5 14469,"5,915","5,886","5,804",28,1,0,,,,,,,,,,
ZCTA5 14470,"7,554","7,144","6,757",129,8,70,,,,,,,,,,
ZCTA5 14471,"2,778","2,770","2,570",162,0,10,,,,,,,,,,
ZCTA5 14472,"9,407","9,219","8,721",53,0,94,,,,,,,,,,
ZCTA5 14475,320,312,305,0,0,7,,,,,,,,,,
ZCTA5 14476,"2,403","2,105","2,097",0,8,0,,,,,,,,,,
ZCTA5 14477,"1,682","1,682","1,638",21,15,2,,,,,,,,,,
ZCTA5 14478,"1,527","1,507","1,479",19,0,0,,,,,,,,,,
ZCTA5 14479,136,136,136,0,0,0,,,,,,,,,,
ZCTA5 14480,730,726,657,59,0,0,,,,,,,,,,
ZCTA5 14481,"1,774","1,765","1,658",9,0,22,,,,,,,,,,
ZCTA5 14482,"8,397","8,171","7,733",108,5,138,,,,,,,,,,
ZCTA5 14485,"4,017","3,863","3,610",17,0,64,,,,,,,,,,
ZCTA5 14486,342,342,342,0,0,0,,,,,,,,,,
ZCTA5 14487,"5,934","5,840","5,334",4,0,158,,,,,,,,,,
ZCTA5 14489,"7,414","6,968","6,207",384,4,0,,,,,,,,,,
ZCTA5 14502,"10,115","9,923","9,051",84,0,317,,,,,,,,,,
ZCTA5 14504,"1,507","1,480","1,414",3,3,31,,,,,,,,,,
ZCTA5 14505,"4,989","4,781","4,668",27,5,0,,,,,,,,,,
ZCTA5 14506,775,775,763,0,0,0,,,,,,,,,,
ZCTA5 14507,"1,010",992,938,33,0,5,,,,,,,,,,
ZCTA5 14510,"4,860","4,368","4,095",106,31,0,,,,,,,,,,
ZCTA5 14511,454,426,368,10,0,0,,,,,,,,,,
ZCTA5 14512,"4,668","4,622","4,457",10,6,64,,,,,,,,,,
ZCTA5 14513,"13,986","12,184","11,085",371,6,131,,,,,,,,,,
ZCTA5 14514,"6,027","5,823","5,026",591,7,55,,,,,,,,,,
ZCTA5 14515,155,155,155,0,0,0,,,,,,,,,,
ZCTA5 14516,"2,277","2,231","2,104",68,0,30,,,,,,,,,,
ZCTA5 14517,"2,684","2,645","2,513",50,5,0,,,,,,,,,,
ZCTA5 14519,"12,502","12,202","11,535",104,7,50,,,,,,,,,,
ZCTA5 14521,"3,245","3,092","2,703",288,0,0,,,,,,,,,,
ZCTA5 14522,"9,636","9,440","9,088",26,9,161,,,,,,,,,,
ZCTA5 14525,"2,493","2,479","2,431",12,0,0,,,,,,,,,,
ZCTA5 14526,"19,931","19,152","17,592",295,8,587,,,,,,,,,,
ZCTA5 14527,"12,878","12,526","12,131",98,0,133,,,,,,,,,,
ZCTA5 14529,38,38,38,0,0,0,,,,,,,,,,
ZCTA5 14530,"6,463","6,182","5,441",232,0,0,,,,,,,,,,
ZCTA5 14532,"4,124","3,923","3,857",3,0,0,,,,,,,,,,
ZCTA5 14533,"1,915","1,829","1,815",10,0,0,,,,,,,,,,
ZCTA5 14534,"33,041","31,632","27,369",651,1,"2,598",,,,,,,,,,
ZCTA5 14536,622,610,580,5,0,14,,,,,,,,,,
ZCTA5 14537,79,79,74,0,0,0,,,,,,,,,,
ZCTA5 14539,65,65,65,0,0,0,,,,,,,,,,
ZCTA5 14541,"4,211","3,815","2,629","1,010",9,2,,,,,,,,,,
ZCTA5 14542,0,0,0,0,0,0,,,,,,,,,,
ZCTA5 14543,"3,242","3,208","2,994",130,0,33,,,,,,,,,,
ZCTA5 14544,"2,062","1,952","1,889",2,0,14,,,,,,,,,,
ZCTA5 14545,113,113,106,0,0,0,,,,,,,,,,
ZCTA5 14546,"4,949","4,776","4,437",200,2,21,,,,,,,,,,
ZCTA5 14548,"4,285","4,030","3,965",9,25,0,,,,,,,,,,
ZCTA5 14549,343,343,343,0,0,0,,,,,,,,,,
ZCTA5 14550,"1,446","1,446","1,363",49,0,12,,,,,,,,,,
ZCTA5 14551,"5,586","5,179","4,524",438,1,31,,,,,,,,,,
ZCTA5 14555,"1,084","1,059",915,64,0,0,,,,,,,,,,
ZCTA5 14556,"1,733","1,398",623,729,0,8,,,,,,,,,,
ZCTA5 14557,145,126,126,0,0,0,,,,,,,,,,
ZCTA5 14559,"18,939","18,355","17,473",250,4,93,,,,,,,,,,
ZCTA5 14560,"2,222","2,178","2,057",0,0,1,,,,,,,,,,
ZCTA5 14561,"2,643","2,497","2,482",0,0,0,,,,,,,,,,
ZCTA5 14564,"16,144","15,852","14,719",229,0,472,,,,,,,,,,
ZCTA5 14568,"6,423","6,135","6,032",7,0,27,,,,,,,,,,
ZCTA5 14569,"6,251","6,145","5,977",63,0,27,,,,,,,,,,
ZCTA5 14571,"1,143","1,120","1,016",81,0,0,,,,,,,,,,
ZCTA5 14572,"4,686","4,508","4,279",31,0,0,,,,,,,,,,
ZCTA5 14580,"54,214","52,317","48,000","1,318",32,"1,875",,,,,,,,,,
ZCTA5 14585,148,134,134,0,0,0,,,,,,,,,,
ZCTA5 14586,"12,795","12,519","8,879","1,276",5,"1,966",,,,,,,,,,
ZCTA5 14588,0,0,0,0,0,0,,,,,,,,,,
ZCTA5 14589,"7,558","7,189","6,663",196,4,6,,,,,,,,,,
ZCTA5 14590,"5,055","4,867","4,647",33,12,7,,,,,,,,,,
ZCTA5 14591,"1,538","1,424","1,378",0,0,0,,,,,,,,,,
ZCTA5 14592,142,142,127,0,0,0,,,,,,,,,,
ZCTA5 14604,"2,436","2,285","1,633",400,0,209,,,,,,,,,,
ZCTA5 14605,"11,295","7,520","1,066","5,616",9,641,,,,,,,,,,
ZCTA5 14606,"27,730","23,752","16,262","5,525",30,"1,049",,,,,,,,,,
ZCTA5 14607,"17,780","16,539","14,274","1,330",5,471,,,,,,,,,,
ZCTA5 14608,"11,987","10,366","3,285","5,584",17,464,,,,,,,,,,
ZCTA5 14609,"40,959","33,311","18,165","12,394",78,359,,,,,,,,,,
ZCTA5 14610,"13,779","12,952","11,349",866,10,386,,,,,,,,,,
ZCTA5 14611,"18,234","15,330","3,869","10,210",76,257,,,,,,,,,,
ZCTA5 14612,"34,619","31,922","27,682","2,331",25,622,,,,,,,,,,
ZCTA5 14613,"15,697","12,912","3,755","7,520",12,"1,123",,,,,,,,,,
ZCTA5 14614,"1,155",960,332,595,12,12,,,,,,,,,,
ZCTA5 14615,"18,115","15,879","9,349","4,892",0,919,,,,,,,,,,
ZCTA5 14616,"27,230","23,906","19,497","2,912",14,451,,,,,,,,,,
ZCTA5 14617,"22,466","20,785","19,140",801,12,245,,,,,,,,,,
ZCTA5 14618,"24,079","23,102","19,243","1,209",37,"1,699",,,,,,,,,,
ZCTA5 14619,"14,447","13,452","3,012","9,770",6,137,,,,,,,,,,
ZCTA5 14620,"23,711","21,819","15,977","2,504",53,"2,011",,,,,,,,,,
ZCTA5 14621,"33,058","20,914","5,868","13,418",47,436,,,,,,,,,,
ZCTA5 14622,"13,141","11,818","10,258",743,2,349,,,,,,,,,,
ZCTA5 14623,"25,995","24,751","17,137","2,934",31,"3,637",,,,,,,,,,
ZCTA5 14624,"38,993","36,787","30,613","4,273",21,890,,,,,,,,,,
ZCTA5 14625,"9,955","9,603","8,992",118,15,168,,,,,,,,,,
ZCTA5 14626,"29,738","27,462","23,668","1,862",5,969,,,,,,,,,,
ZCTA5 14627,"2,938","2,686","1,856",327,0,394,,,,,,,,,,
ZCTA5 14642,0,0,0,0,0,0,,,,,,,,,,
ZCTA5 14701,"39,250","35,962","33,725",748,45,89,,,,,,,,,,
ZCTA5 14706,"5,905","5,854","5,434",90,110,43,,,,,,,,,,
ZCTA5 14707,76,76,76,0,0,0,,,,,,,,,,
ZCTA5 14708,180,148,135,0,0,0,,,,,,,,,,
ZCTA5 14709,"1,325","1,325","1,285",14,0,16,,,,,,,,,,
ZCTA5 14710,"3,392","3,357","3,318",0,0,22,,,,,,,,,,
ZCTA5 14711,"1,985","1,975","1,934",1,6,2,,,,,,,,,,
ZCTA5 14712,"2,817","2,813","2,719",7,11,0,,,,,,,,,,
ZCTA5 14714,532,482,479,0,0,0,,,,,,,,,,
ZCTA5 14715,"2,485","2,459","2,422",16,10,2,,,,,,,,,,
ZCTA5 14716,"2,554","2,216","1,722",334,54,30,,,,,,,,,,
ZCTA5 14717,503,503,488,0,10,0,,,,,,,,,,
ZCTA5 14718,"2,053","1,978","1,738",208,4,10,,,,,,,,,,
ZCTA5 14719,"3,251","3,158","3,056",7,9,0,,,,,,,,,,
ZCTA5 14720,885,830,785,0,0,0,,,,,,,,,,
ZCTA5 14721,152,143,141,0,0,0,,,,,,,,,,
ZCTA5 14722,195,173,161,9,0,0,,,,,,,,,,
ZCTA5 14723,"1,149","1,127","1,095",0,0,9,,,,,,,,,,
ZCTA5 14724,"2,695","2,668","2,600",3,0,12,,,,,,,,,,
ZCTA5 14726,"2,371","2,367","2,337",0,1,0,,,,,,,,,,
ZCTA5 14727,"5,051","5,015","4,941",0,15,0,,,,,,,,,,
ZCTA5 14728,994,988,949,0,0,0,,,,,,,,,,
ZCTA5 14729,902,898,888,2,0,0,,,,,,,,,,
ZCTA5 14731,"1,277","1,271","1,240",0,8,0,,,,,,,,,,
ZCTA5 14732,44,44,44,0,0,0,,,,,,,,,,
ZCTA5 14733,"3,446","3,424","3,352",12,0,1,,,,,,,,,,
ZCTA5 14735,"2,803","2,737","2,715",0,7,0,,,,,,,,,,
ZCTA5 14736,167,167,167,0,0,0,,,,,,,,,,
ZCTA5 14737,"4,238","3,998","3,769",11,21,4,,,,,,,,,,
ZCTA5 14738,"3,432","3,363","3,321",20,1,0,,,,,,,,,,
ZCTA5 14739,"2,608","2,606","2,525",61,0,0,,,,,,,,,,
ZCTA5 14740,"1,098","1,094","1,082",0,0,0,,,,,,,,,,
ZCTA5 14741,"1,843","1,839","1,825",3,2,0,,,,,,,,,,
ZCTA5 14742,175,175,175,0,0,0,,,,,,,,,,
ZCTA5 14743,"2,078","2,078","1,933",95,5,6,,,,,,,,,,
ZCTA5 14744,"2,182","2,169","2,007",82,0,49,,,,,,,,,,
ZCTA5 14747,"2,097","2,093","2,056",4,0,0,,,,,,,,,,
ZCTA5 14748,541,541,444,0,86,4,,,,,,,,,,
ZCTA5 14750,"4,546","4,356","4,184",0,0,56,,,,,,,,,,
ZCTA5 14752,286,286,274,12,0,0,,,,,,,,,,
ZCTA5 14753,"1,125","1,118","1,086",8,9,0,,,,,,,,,,
ZCTA5 14754,526,526,526,0,0,0,,,,,,,,,,
ZCTA5 14755,"2,981","2,939","2,772",77,42,4,,,,,,,,,,
ZCTA5 14756,0,0,0,0,0,0,,,,,,,,,,
ZCTA5 14757,"3,373","3,298","3,048",102,5,11,,,,,,,,,,
ZCTA5 14760,"17,618","17,434","15,883",320,153,302,,,,,,,,,,
ZCTA5 14767,"2,265","2,238","2,217",0,0,2,,,,,,,,,,
ZCTA5 14769,787,753,741,2,0,0,,,,,,,,,,
ZCTA5 14770,"2,847","2,824","2,678",21,9,1,,,,,,,,,,
ZCTA5 14772,"3,836","3,791","3,640",39,13,0,,,,,,,,,,
ZCTA5 14774,266,234,234,0,0,0,,,,,,,,,,
ZCTA5 14775,"2,524","2,359","2,311",5,4,15,,,,,,,,,,
ZCTA5 14777,582,567,549,0,0,4,,,,,,,,,,
ZCTA5 14778,"1,421","1,251","1,087",103,0,56,,,,,,,,,,
ZCTA5 14779,"7,014","6,704","4,984",112,"1,213",50,,,,,,,,,,
ZCTA5 14781,"1,834","1,771","1,659",0,10,11,,,,,,,,,,
ZCTA5 14782,"2,224","2,202","2,153",8,0,0,,,,,,,,,,
ZCTA5 14783,182,182,65,4,89,24,,,,,,,,,,
ZCTA5 14784,772,772,755,8,0,0,,,,,,,,,,
ZCTA5 14785,28,28,28,0,0,0,,,,,,,,,,
ZCTA5 14787,"4,717","4,526","4,344",8,0,174,,,,,,,,,,
ZCTA5 14788,102,99,34,63,2,0,,,,,,,,,,
ZCTA5 14801,"5,008","4,986","4,915",7,29,0,,,,,,,,,,
ZCTA5 14802,"4,431","4,050","3,321",497,0,146,,,,,,,,,,
ZCTA5 14803,"1,297","1,281","1,262",0,0,14,,,,,,,,,,
ZCTA5 14804,"1,535","1,534","1,455",0,0,15,,,,,,,,,,
ZCTA5 14805,810,810,805,0,5,0,,,,,,,,,,
ZCTA5 14806,"1,988","1,977","1,958",0,0,0,,,,,,,,,,
ZCTA5 14807,"2,938","2,790","2,674",17,25,3,,,,,,,,,,
ZCTA5 14808,530,530,507,8,0,0,,,,,,,,,,
ZCTA5 14809,"2,905","2,815","2,704",21,0,7,,,,,,,,,,
ZCTA5 14810,"11,504","11,354","10,689",474,12,1,,,,,,,,,,
ZCTA5 14812,"3,211","3,103","2,961",10,3,9,,,,,,,,,,
ZCTA5 14813,"2,199","2,162","2,043",109,0,1,,,,,,,,,,
ZCTA5 14814,"2,222","2,195","2,121",10,0,64,,,,,,,,,,
ZCTA5 14815,722,711,676,0,0,0,,,,,,,,,,
ZCTA5 14816,577,577,526,0,6,35,,,,,,,,,,
ZCTA5 14817,"2,782","2,740","2,169",55,0,141,,,,,,,,,,
ZCTA5 14818,"1,968","1,951","1,911",0,0,15,,,,,,,,,,
ZCTA5 14819,740,729,718,0,0,4,,,,,,,,,,
ZCTA5 14820,627,627,596,0,2,0,,,,,,,,,,
ZCTA5 14821,"3,280","3,265","3,172",11,8,33,,,,,,,,,,
ZCTA5 14822,857,847,847,0,0,0,,,,,,,,,,
ZCTA5 14823,"3,691","3,663","3,501",22,0,103,,,,,,,,,,
ZCTA5 14824,691,687,667,14,1,0,,,,,,,,,,
ZCTA5 14825,789,789,773,1,0,5,,,,,,,,,,
ZCTA5 14826,"1,962","1,959","1,886",14,0,0,,,,,,,,,,
ZCTA5 14827,116,116,116,0,0,0,,,,,,,,,,
ZCTA5 14830,"19,031","18,701","17,679",396,10,395,,,,,,,,,,
ZCTA5 14836,878,872,825,0,0,0,,,,,,,,,,
ZCTA5 14837,"5,828","5,777","5,580",76,2,5,,,,,,,,,,
ZCTA5 14838,"2,089","2,076","2,021",9,0,5,,,,,,,,,,
ZCTA5 14839,600,600,600,0,0,0,,,,,,,,,,
ZCTA5 14840,"2,567","2,515","2,422",36,5,1,,,,,,,,,,
ZCTA5 14841,644,644,619,0,0,0,,,,,,,,,,
ZCTA5 14842,913,913,913,0,0,0,,,,,,,,,,
ZCTA5 14843,"12,569","12,256","11,610",112,0,123,,,,,,,,,,
ZCTA5 14845,"21,004","20,648","18,461",719,0,614,,,,,,,,,,
ZCTA5 14846,778,776,775,1,0,0,,,,,,,,,,
ZCTA5 14847,"2,311","2,237","2,113",4,10,30,,,,,,,,,,
ZCTA5 14850,"67,991","63,492","47,986","2,568",9,"9,094",,,,,,,,,,
ZCTA5 14853,"2,125","1,827","1,071",345,8,342,,,,,,,,,,
ZCTA5 14854,77,77,77,0,0,0,,,,,,,,,,
ZCTA5 14855,810,807,792,0,0,13,,,,,,,,,,
ZCTA5 14856,0,0,0,0,0,0,,,,,,,,,,
ZCTA5 14858,"1,357","1,354","1,280",0,13,2,,,,,,,,,,
ZCTA5 14859,"1,099","1,083","1,058",0,0,0,,,,,,,,,,
ZCTA5 14860,"1,192","1,182","1,135",9,3,15,,,,,,,,,,
ZCTA5 14861,"1,160","1,134","1,127",0,0,0,,,,,,,,,,
ZCTA5 14864,"1,093","1,039","1,016",0,13,1,,,,,,,,,,
ZCTA5 14865,"2,740","2,722","2,606",40,9,0,,,,,,,,,,
ZCTA5 14867,"5,532","5,532","5,469",48,0,0,,,,,,,,,,
ZCTA5 14869,"1,396","1,358","1,348",0,0,0,,,,,,,,,,
ZCTA5 14870,"9,891","9,719","8,533",339,0,598,,,,,,,,,,
ZCTA5 14871,"4,262","4,220","4,159",13,0,0,,,,,,,,,,
ZCTA5 14872,398,357,357,0,0,0,,,,,,,,,,
ZCTA5 14873,"2,260","2,252","2,084",6,0,70,,,,,,,,,,
ZCTA5 14874,151,151,151,0,0,0,,,,,,,,,,
ZCTA5 14877,713,713,674,0,0,26,,,,,,,,,,
ZCTA5 14878,649,643,642,0,0,0,,,,,,,,,,
ZCTA5 14879,"2,285","2,276","2,107",0,0,34,,,,,,,,,,
ZCTA5 14880,"1,711","1,691","1,578",1,0,8,,,,,,,,,,
ZCTA5 14881,206,206,206,0,0,0,,,,,,,,,,
ZCTA5 14882,"3,971","3,814","3,610",106,0,27,,,,,,,,,,
ZCTA5 14883,"4,696","4,615","4,318",138,0,65,,,,,,,,,,
ZCTA5 14884,317,314,313,0,0,0,,,,,,,,,,
ZCTA5 14885,680,671,658,0,2,0,,,,,,,,,,
ZCTA5 14886,"6,597","6,341","6,057",107,0,27,,,,,,,,,,
ZCTA5 14889,"1,433","1,427","1,331",13,3,11,,,,,,,,,,
ZCTA5 14891,"4,433","4,361","4,040",63,6,98,,,,,,,,,,
ZCTA5 14892,"7,894","7,695","7,262",229,0,43,,,,,,,,,,
ZCTA5 14893,50,50,50,0,0,0,,,,,,,,,,
ZCTA5 14894,"1,458","1,375","1,103",227,28,0,,,,,,,,,,
ZCTA5 14895,"9,219","9,188","8,906",47,35,4,,,,,,,,,,
ZCTA5 14897,661,661,644,0,0,0,,,,,,,,,,
ZCTA5 14898,"1,788","1,788","1,704",0,0,0,,,,,,,,,,
ZCTA5 14901,"15,656","14,745","11,681","2,122",61,228,,,,,,,,,,
ZCTA5 14903,"7,184","6,769","6,029",322,0,68,,,,,,,,,,
ZCTA5 14904,"14,696","14,177","12,121","1,196",0,28,,,,,,,,,,
ZCTA5 14905,"8,330","8,025","7,211",242,0,178,,,,,,,,,,